proteinID,ligandID,mean,median,max,min,var
7RDY-no-extra,177,-9.18409090909091,-9.149999999999999,-8.5,-9.8,0.35578752642706185
7RDY-no-extra,967,-9.020454545454546,-9.05,-8.4,-9.3,0.08585095137420722
7RDY-no-extra,28,-8.954545454545455,-9.05,-7.6,-9.8,0.5857928118393211
7RDY-no-extra,15,-8.931818181818182,-8.95,-7.7,-9.4,0.2384989429175482
7RDY-no-extra,481,-8.922727272727274,-9.05,-8.0,-9.5,0.26365750528541176
7RDY-no-extra,444,-8.911363636363637,-8.9,-8.1,-9.5,0.35219344608879555
7RDY-zinc,4,-8.881818181818181,-9.149999999999999,-7.4,-9.2,0.22896405919661708
7RDY-zinc,132,-8.872727272727273,-8.899999999999999,-8.3,-9.4,0.19551797040169264
7RDY-zinc,296,-8.865909090909092,-8.9,-8.7,-8.9,0.002764270613107793
7RDY-zinc,595,-8.854545454545455,-8.85,-7.9,-9.6,0.39369978858351
7RDY-zinc,391,-8.843181818181817,-8.8,-8.1,-9.1,0.054603594080338526
7RDY-zinc,649,-8.831818181818182,-8.9,-8.2,-9.4,0.2705919661733624
7RDY-no-extra,532,-8.820454545454545,-8.85,-8.4,-9.1,0.08306025369978812
7RDY-no-extra,530,-8.811363636363636,-8.85,-8.2,-9.2,0.12800739957716667
7RDY-no-extra,931,-8.811363636363636,-8.8,-7.8,-9.9,0.9926585623678662
7RDY-zinc,446,-8.811363636363636,-8.7,-8.4,-9.4,0.13823995771670236
7RDY-no-extra,925,-8.806818181818182,-8.75,-8.6,-9.2,0.04902219873150078
7RDY-no-extra,329,-8.784090909090908,-8.55,-8.4,-9.2,0.10043868921775949
7RDY-no-extra,199,-8.745454545454546,-8.8,-8.4,-9.0,0.03742071881606777
7RDY-no-extra,644,-8.715909090909092,-8.7,-7.6,-9.3,0.32602008456659626
7RDY-zinc,895,-8.711363636363636,-8.7,-7.8,-9.2,0.20800739957716605
7RDY-no-extra,641,-8.706818181818182,-8.649999999999999,-8.6,-9.0,0.017859408033826664
7RDY-no-extra,211,-8.704545454545455,-8.75,-8.1,-9.3,0.2571881606765334
7RDY-zinc,885,-8.702272727272726,-8.7,-8.5,-8.9,0.016506342494714756
7RDY-zinc,943,-8.695454545454545,-8.7,-8.4,-8.8,0.008816067653276978
7RDY-no-extra,149,-8.693181818181818,-8.7,-8.3,-8.9,0.0332082452431288
7RDY-no-extra,739,-8.686363636363636,-8.7,-7.2,-9.6,0.8621353065539118
7RDY-zinc,346,-8.679545454545455,-8.9,-7.4,-9.7,0.9816649048625823
7RDY-no-extra,585,-8.679545454545455,-8.7,-8.3,-8.9,0.036083509513741965
7RDY-no-extra,568,-8.645454545454546,-8.6,-8.5,-8.8,0.022071881606765504
7RDY-no-extra,311,-8.643181818181818,-8.6,-8.4,-8.8,0.022975687103594253
7RDY-no-extra,280,-8.631818181818181,-8.7,-8.1,-9.1,0.22640591966173454
7RDY-zinc,115,-8.627272727272727,-8.25,-8.0,-9.3,0.4094714587737847
7RDY-no-extra,575,-8.625,-8.65,-8.3,-8.9,0.07866279069767429
7RDY-no-extra,173,-8.622727272727273,-8.6,-8.4,-8.7,0.004122621564481949
7RDY-zinc,571,-8.618181818181817,-8.6,-7.6,-9.2,0.14849894291754684
7RDY-zinc,852,-8.606818181818182,-8.65,-8.2,-8.9,0.0890221987315011
7RDY-zinc,631,-8.600000000000001,-8.600000000000001,-8.2,-9.0,0.09860465116279028
7RDY-no-extra,415,-8.6,-8.75,-8.2,-8.9,0.09302325581395374
7RDY-no-extra,760,-8.6,-8.6,-7.7,-8.9,0.075609756097561
7RDY-zinc,306,-8.595454545454546,-8.6,-8.1,-8.7,0.025095137420718682
7RDY-zinc,752,-8.588636363636363,-8.55,-8.1,-9.1,0.1601004228329811
7RDY-zinc,94,-8.581818181818182,-8.55,-8.0,-8.9,0.08617336152219844
7RDY-zinc,96,-8.579545454545455,-8.55,-8.3,-8.9,0.08119978858350951
7RDY-zinc,573,-8.579545454545455,-8.7,-8.4,-8.8,0.028641649048625557
7RDY-zinc,304,-8.579545454545455,-8.6,-7.9,-8.7,0.023060253699788476
7RDY-zinc,736,-8.571739130434782,-8.5,-7.2,-9.0,0.14740579710144922
7RDY-zinc,706,-8.570454545454545,-8.3,-7.2,-9.4,0.3653858350951378
7RDY-no-extra,769,-8.547727272727274,-8.6,-7.7,-8.8,0.07929704016913332
7RDY-zinc,445,-8.540909090909091,-8.5,-8.3,-8.6,0.004334038054968293
7RDY-zinc,629,-8.538636363636364,-9.05,-7.0,-9.6,1.1307980972515859
7RDY-no-extra,47,-8.534090909090908,-8.5,-8.2,-8.8,0.035787526427061324
7RDY-no-extra,147,-8.527272727272727,-8.6,-7.6,-8.8,0.09179704016913322
7RDY-zinc,765,-8.522727272727273,-8.5,-7.4,-9.3,0.33249471458773733
7RDY-no-extra,538,-8.522727272727273,-8.7,-7.4,-9.3,0.6506342494714589
7RDY-zinc,761,-8.51590909090909,-8.55,-7.8,-8.8,0.06648520084566595
7RDY-no-extra,218,-8.50909090909091,-8.5,-8.0,-9.0,0.15293868921775988
7RDY-no-extra,252,-8.504545454545454,-8.5,-7.5,-8.9,0.10602536997885849
7RDY-zinc,930,-8.504545454545454,-8.5,-8.0,-8.8,0.04044397463002091
7RDY-no-extra,23,-8.497727272727273,-8.5,-8.1,-8.9,0.027669133192388916
7RDY-zinc,559,-8.497727272727273,-8.600000000000001,-7.7,-8.8,0.11976215644820232
7RDY-zinc,679,-8.495454545454546,-8.5,-8.3,-8.6,0.0013742071881606686
7RDY-zinc,438,-8.493181818181817,-8.600000000000001,-7.3,-9.1,0.3159989429175481
7RDY-zinc,700,-8.48409090909091,-8.7,-7.7,-9.2,0.5218340380549656
7RDY-zinc,842,-8.479545454545455,-8.45,-8.2,-8.7,0.029571881606765223
7RDY-no-extra,201,-8.472727272727273,-8.5,-7.8,-9.2,0.273192389006342
7RDY-zinc,711,-8.468181818181819,-8.5,-8.2,-8.6,0.007801268498942957
7RDY-no-extra,470,-8.465909090909092,-8.6,-7.2,-9.5,1.100903805496828
7RDY-no-extra,6,-8.461363636363636,-8.4,-7.4,-8.9,0.14521670190274819
7RDY-no-extra,113,-8.461363636363636,-8.5,-7.6,-8.8,0.05265856236786467
7RDY-no-extra,359,-8.452272727272728,-8.4,-8.3,-8.8,0.03371564482029638
7RDY-zinc,43,-8.452272727272726,-8.5,-8.1,-8.7,0.027669133192388885
7RDY-no-extra,354,-8.450000000000001,-8.45,-8.1,-8.8,0.1253488372093023
7RDY-zinc,494,-8.450000000000001,-8.45,-8.3,-8.6,0.0230232558139536
7RDY-zinc,893,-8.450000000000001,-8.45,-8.0,-8.7,0.02860465116279042
7RDY-zinc,622,-8.450000000000001,-8.4,-7.5,-8.6,0.02860465116279077
7RDY-no-extra,903,-8.45,-8.6,-8.0,-8.7,0.06674418604651162
7RDY-no-extra,584,-8.445454545454545,-8.25,-8.1,-8.9,0.08067653276955591
7RDY-no-extra,452,-8.44090909090909,-8.399999999999999,-7.4,-8.9,0.1699154334038071
7RDY-no-extra,619,-8.436363636363636,-8.45,-8.0,-8.8,0.07539112050739948
7RDY-no-extra,182,-8.429545454545455,-8.350000000000001,-8.2,-8.8,0.04771141649048643
7RDY-zinc,30,-8.427272727272728,-8.6,-7.1,-8.8,0.14016913319238905
7RDY-no-extra,152,-8.425,-8.3,-7.7,-8.8,0.09540697674418598
7RDY-zinc,380,-8.420454545454545,-8.4,-8.1,-8.6,0.019339323467230354
7RDY-zinc,366,-8.413636363636364,-8.45,-8.2,-8.6,0.03655391120507385
7RDY-zinc,515,-8.409090909090908,-8.399999999999999,-7.7,-9.0,0.23200845665961908
7RDY-no-extra,955,-8.399999999999999,-8.399999999999999,-7.6,-9.2,0.654883720930233
7RDY-no-extra,417,-8.395454545454546,-8.4,-7.8,-8.9,0.26090909090909115
7RDY-no-extra,464,-8.393181818181818,-8.4,-8.3,-8.7,0.0136733615221987
7RDY-no-extra,161,-8.388636363636364,-8.1,-8.0,-8.9,0.16196088794926003
7RDY-no-extra,650,-8.386363636363637,-8.5,-7.2,-9.0,0.39097251585623743
7RDY-no-extra,740,-8.386363636363637,-8.4,-7.7,-9.0,0.12818181818181829
7RDY-no-extra,830,-8.38409090909091,-8.350000000000001,-8.2,-8.5,0.0120665961945029
7RDY-no-extra,294,-8.381818181818181,-8.399999999999999,-7.6,-8.8,0.11547568710359464
7RDY-no-extra,527,-8.379545454545454,-8.399999999999999,-7.8,-8.6,0.05561839323467224
7RDY-zinc,363,-8.379545454545454,-8.4,-8.2,-8.5,0.01608350951374212
7RDY-zinc,57,-8.370454545454546,-8.4,-7.2,-9.4,0.38585095137420705
7RDY-no-extra,579,-8.368181818181817,-8.5,-7.5,-8.7,0.1105919661733615
7RDY-zinc,572,-8.365909090909092,-8.350000000000001,-7.7,-8.8,0.0739270613107823
7RDY-no-extra,416,-8.363636363636363,-8.3,-7.8,-8.8,0.12794926004228355
7RDY-no-extra,786,-8.363636363636363,-8.4,-8.3,-8.4,0.0023678646934460826
7RDY-no-extra,734,-8.350000000000001,-8.4,-8.0,-8.5,0.02162790697674417
7RDY-zinc,829,-8.347727272727273,-8.3,-8.2,-8.7,0.02394820295983113
7RDY-no-extra,580,-8.347727272727273,-8.3,-8.2,-8.6,0.023483086680761402
7RDY-zinc,262,-8.334090909090909,-8.5,-7.7,-8.7,0.14229915433403795
7RDY-no-extra,553,-8.334090909090909,-8.4,-7.4,-8.6,0.08508985200845663
7RDY-zinc,441,-8.334090909090909,-8.3,-8.2,-8.5,0.012531712473573103
7RDY-no-extra,551,-8.329545454545455,-8.3,-8.2,-8.5,0.017943974630020974
7RDY-no-extra,562,-8.325000000000001,-8.350000000000001,-7.8,-8.9,0.23680232558139508
7RDY-zinc,48,-8.322727272727272,-8.4,-8.1,-8.6,0.0413319238900635
7RDY-no-extra,144,-8.322727272727272,-8.350000000000001,-7.8,-8.9,0.2669133192389014
7RDY-no-extra,162,-8.31590909090909,-8.350000000000001,-7.6,-8.8,0.10229915433403797
7RDY-zinc,308,-8.31590909090909,-8.3,-6.9,-8.7,0.16788054968287563
7RDY-no-extra,298,-8.311363636363636,-8.45,-6.6,-9.2,0.7633562367864692
7RDY-no-extra,768,-8.311363636363636,-8.399999999999999,-7.8,-8.7,0.15637949260042247
7RDY-no-extra,459,-8.309090909090909,-8.25,-7.7,-8.7,0.15526427061310738
7RDY-no-extra,450,-8.302272727272728,-8.3,-8.0,-8.5,0.028599365750528627
7RDY-no-extra,560,-8.302272727272728,-8.399999999999999,-7.7,-8.8,0.17790169133192274
7RDY-no-extra,835,-8.302272727272728,-8.3,-7.8,-8.8,0.24952959830866822
7RDY-no-extra,117,-8.299999999999999,-8.25,-8.0,-8.6,0.04837209302325568
7RDY-zinc,610,-8.297727272727274,-8.35,-7.2,-9.4,1.0360412262156449
7RDY-no-extra,83,-8.297727272727274,-8.3,-8.2,-8.4,0.005343551797040442
7RDY-zinc,224,-8.297727272727274,-8.3,-8.1,-8.5,0.028134249471459247
7RDY-no-extra,659,-8.295454545454545,-8.3,-8.1,-8.5,0.014397463002114386
7RDY-no-extra,546,-8.29318181818182,-8.4,-7.8,-8.4,0.046696617336152116
7RDY-no-extra,11,-8.290909090909091,-8.3,-7.7,-8.8,0.2013107822410147
7RDY-zinc,362,-8.284090909090908,-8.3,-7.9,-8.6,0.06788054968287503
7RDY-zinc,40,-8.284090909090908,-8.0,-7.7,-8.9,0.2864852008456666
7RDY-zinc,324,-8.275,-8.25,-8.0,-8.5,0.047500000000000105
7RDY-zinc,626,-8.272727272727273,-8.2,-8.1,-8.4,0.008076109936575206
7RDY-no-extra,984,-8.272727272727273,-8.25,-7.9,-8.6,0.051331923890063365
7RDY-no-extra,824,-8.270454545454545,-8.3,-7.8,-8.7,0.030967230443974734
7RDY-no-extra,123,-8.268181818181818,-8.3,-8.1,-8.4,0.01896405919661732
7RDY-no-extra,755,-8.268181818181818,-8.15,-7.7,-9.3,0.17477801268498966
7RDY-zinc,178,-8.268181818181818,-8.4,-7.1,-8.8,0.2371035940803381
7RDY-no-extra,68,-8.261363636363637,-8.3,-8.2,-8.4,0.003356236786469463
7RDY-zinc,615,-8.259090909090908,-8.3,-7.7,-8.5,0.04247357293868951
7RDY-no-extra,309,-8.256818181818183,-8.25,-8.0,-8.4,0.022510570824524127
7RDY-zinc,424,-8.254545454545454,-8.05,-7.6,-8.8,0.10346723044397471
7RDY-no-extra,735,-8.254545454545454,-8.25,-8.0,-8.5,0.015560253699788671
7RDY-no-extra,111,-8.254545454545454,-8.3,-7.0,-8.6,0.16439746300211372
7RDY-zinc,474,-8.254545454545454,-8.3,-7.9,-8.6,0.12253699788583486
7RDY-no-extra,208,-8.252272727272727,-8.2,-7.8,-8.8,0.21045983086680775
7RDY-no-extra,879,-8.25,-8.25,-7.5,-8.7,0.15279069767441866
7RDY-no-extra,979,-8.25,-8.25,-7.5,-8.8,0.2588372093023259
7RDY-no-extra,368,-8.25,-8.25,-8.2,-8.3,0.0025581395348838283
7RDY-zinc,653,-8.247727272727273,-8.3,-8.0,-8.5,0.01836680761099382
7RDY-no-extra,996,-8.247727272727273,-8.25,-7.9,-8.6,0.11278541226215583
7RDY-no-extra,497,-8.245454545454546,-8.25,-7.8,-8.8,0.1941649048625786
7RDY-no-extra,442,-8.245454545454546,-8.3,-7.3,-9.0,0.5904439746300214
7RDY-no-extra,836,-8.243181818181817,-8.149999999999999,-8.0,-8.5,0.04762684989429164
7RDY-no-extra,231,-8.243181818181817,-8.3,-7.8,-8.4,0.03274312896405896
7RDY-zinc,124,-8.240909090909092,-8.350000000000001,-7.7,-8.4,0.06852008456659624
7RDY-no-extra,313,-8.236363636363636,-8.399999999999999,-7.4,-8.8,0.30422832980972647
7RDY-no-extra,250,-8.236363636363636,-8.4,-7.4,-8.6,0.1256236786469345
7RDY-no-extra,411,-8.23409090909091,-8.25,-7.7,-8.7,0.14648520084566602
7RDY-no-extra,566,-8.23409090909091,-8.2,-7.9,-8.8,0.030206131078224126
7RDY-no-extra,630,-8.227272727272727,-8.2,-7.8,-8.5,0.06668076109936555
7RDY-zinc,443,-8.225000000000001,-8.15,-6.8,-8.8,0.32005813953488166
7RDY-no-extra,99,-8.225,-8.2,-7.5,-9.0,0.5391279069767443
7RDY-no-extra,148,-8.222727272727273,-8.3,-6.6,-8.6,0.1631923890063427
7RDY-no-extra,55,-8.222727272727273,-8.25,-7.9,-8.6,0.023192389006342528
7RDY-zinc,862,-8.222727272727273,-8.4,-6.8,-9.1,0.7506342494714592
7RDY-zinc,905,-8.220454545454546,-8.25,-6.9,-8.9,0.4737579281183944
7RDY-no-extra,954,-8.218181818181819,-8.5,-7.6,-8.6,0.17594080338266388
7RDY-zinc,223,-8.218181818181817,-8.2,-8.0,-8.3,0.0029175475687104545
7RDY-no-extra,87,-8.215909090909092,-8.25,-7.6,-8.9,0.36695031712473564
7RDY-zinc,410,-8.213636363636365,-8.2,-7.7,-8.8,0.10167019027484153
7RDY-zinc,300,-8.209090909090909,-8.2,-7.2,-9.0,0.26921775898519995
7RDY-no-extra,889,-8.20681818181818,-8.25,-7.7,-8.7,0.24948731501056967
7RDY-no-extra,922,-8.204545454545455,-8.3,-8.0,-8.6,0.030676532769556123
7RDY-zinc,950,-8.204545454545455,-8.25,-7.0,-8.7,0.2878858350951367
7RDY-no-extra,678,-8.200000000000001,-8.25,-7.4,-8.8,0.2567441860465109
7RDY-no-extra,106,-8.197727272727272,-8.2,-7.6,-8.6,0.05464587737843564
7RDY-zinc,723,-8.193181818181818,-8.25,-7.7,-8.5,0.06158033826638459
7RDY-zinc,220,-8.193181818181818,-8.2,-7.8,-8.5,0.05646405919661684
7RDY-zinc,975,-8.188636363636364,-8.2,-8.0,-8.4,0.0205655391120512
7RDY-zinc,195,-8.186363636363636,-8.15,-7.1,-8.8,0.23934460887949346
7RDY-zinc,599,-8.186363636363636,-8.2,-8.0,-8.3,0.009112050739957675
7RDY-zinc,429,-8.186363636363636,-8.2,-7.9,-8.4,0.047716701902748834
7RDY-zinc,957,-8.18409090909091,-8.15,-8.0,-8.4,0.03578752642706156
7RDY-zinc,683,-8.184090909090909,-8.2,-7.9,-8.4,0.021834038054968273
7RDY-zinc,719,-8.181818181818182,-8.2,-7.8,-8.6,0.14710359408033843
7RDY-zinc,169,-8.179545454545455,-8.25,-7.7,-8.5,0.09654862579281207
7RDY-zinc,606,-8.179545454545455,-8.2,-8.0,-8.2,0.0030602536997885493
7RDY-zinc,992,-8.179545454545455,-8.2,-8.0,-8.3,0.01608350951374188
7RDY-zinc,372,-8.17843137254902,-8.2,-7.9,-8.5,0.03532549019607835
7RDY-zinc,949,-8.177272727272728,-8.2,-8.0,-8.3,0.00970401691331955
7RDY-zinc,437,-8.177272727272726,-8.2,-7.8,-8.3,0.01063424947145882
7RDY-no-extra,293,-8.170454545454545,-8.2,-7.1,-8.7,0.1598044397463005
7RDY-zinc,382,-8.170454545454545,-8.149999999999999,-6.8,-8.8,0.41701374207188224
7RDY-zinc,778,-8.170454545454545,-8.2,-7.8,-8.3,0.021199788583509797
7RDY-zinc,670,-8.170454545454545,-8.2,-8.0,-8.3,0.0039904862579280605
7RDY-zinc,93,-8.165909090909091,-8.2,-7.5,-8.3,0.02555496828752648
7RDY-zinc,613,-8.165909090909091,-8.3,-6.8,-8.4,0.07997357293868945
7RDY-zinc,705,-8.165909090909091,-8.2,-7.1,-8.6,0.2092758985200843
7RDY-zinc,315,-8.159090909090908,-8.25,-7.8,-8.4,0.05968287526427011
7RDY-no-extra,396,-8.159090909090908,-8.25,-6.4,-9.0,0.6024735729386897
7RDY-zinc,210,-8.156818181818181,-8.05,-7.7,-8.8,0.14948731501057091
7RDY-no-extra,519,-8.152272727272727,-8.0,-7.7,-8.6,0.11325052854122622
7RDY-no-extra,272,-8.15,-8.45,-7.1,-8.6,0.21744186046511665
7RDY-no-extra,291,-8.15,-8.15,-6.6,-8.9,0.5955813953488388
7RDY-zinc,521,-8.15,-8.2,-7.7,-8.5,0.1262790697674416
7RDY-zinc,994,-8.15,-8.15,-7.9,-8.4,0.0639534883720929
7RDY-zinc,398,-8.149999999999999,-8.15,-7.4,-8.7,0.30116279069767365
7RDY-zinc,511,-8.147727272727273,-8.2,-8.0,-8.3,0.009994714587737812
7RDY-no-extra,623,-8.147727272727273,-8.15,-7.0,-8.6,0.1662737843551798
7RDY-no-extra,189,-8.147727272727273,-8.15,-7.8,-8.4,0.06534355179704021
7RDY-zinc,241,-8.143181818181818,-8.3,-7.4,-8.7,0.2313477801268495
7RDY-zinc,667,-8.143181818181818,-8.15,-7.4,-8.7,0.21832452431289634
7RDY-no-extra,489,-8.143181818181818,-8.2,-7.0,-8.6,0.22483615221987316
7RDY-no-extra,377,-8.14090909090909,-8.0,-7.5,-8.4,0.04479915433403811
7RDY-zinc,72,-8.14090909090909,-7.95,-7.9,-8.4,0.06293868921775894
7RDY-no-extra,455,-8.138636363636364,-8.2,-7.1,-8.7,0.07777484143763215
7RDY-zinc,529,-8.138636363636364,-8.0,-7.3,-8.8,0.2894027484143767
7RDY-no-extra,469,-8.136363636363637,-8.15,-7.9,-8.4,0.05446088794926028
7RDY-zinc,548,-8.131818181818183,-8.1,-7.0,-8.8,0.4761733615221986
7RDY-zinc,102,-8.129545454545454,-8.35,-7.1,-8.6,0.2811997885835092
7RDY-zinc,51,-8.129545454545454,-8.15,-7.7,-8.5,0.14166490486257913
7RDY-zinc,18,-8.127272727272727,-8.2,-7.2,-8.3,0.05737843551797046
7RDY-no-extra,135,-8.122727272727273,-8.15,-7.4,-8.4,0.08040169133192454
7RDY-zinc,378,-8.122222222222222,-8.2,-8.0,-8.2,0.009777777777777679
7RDY-no-extra,243,-8.120454545454546,-8.2,-7.4,-8.7,0.28910676532769486
7RDY-zinc,357,-8.118181818181819,-8.100000000000001,-7.4,-8.9,0.5289640591966195
7RDY-zinc,344,-8.118181818181817,-8.1,-8.0,-8.4,0.00756871035940781
7RDY-zinc,125,-8.118181818181817,-8.1,-8.0,-8.3,0.008964059196617177
7RDY-zinc,851,-8.115909090909092,-8.15,-7.6,-8.3,0.038578224101479895
7RDY-no-extra,898,-8.115909090909092,-8.25,-7.3,-9.2,0.3190433403805492
7RDY-zinc,360,-8.115909090909092,-8.149999999999999,-7.5,-8.4,0.08322938689217797
7RDY-zinc,853,-8.11590909090909,-8.1,-8.0,-8.5,0.008810782241014824
7RDY-no-extra,869,-8.11590909090909,-8.1,-7.6,-8.6,0.21578752642706148
7RDY-no-extra,520,-8.11590909090909,-8.2,-7.4,-8.7,0.35253171247357484
7RDY-zinc,791,-8.113636363636363,-8.25,-7.7,-8.5,0.15655391120507375
7RDY-no-extra,506,-8.111363636363636,-8.2,-7.9,-8.3,0.018705073995771607
7RDY-zinc,698,-8.111363636363636,-7.9,-7.6,-9.0,0.17405391120507344
7RDY-zinc,54,-8.10909090909091,-8.1,-7.3,-9.0,0.35247357293868786
7RDY-zinc,770,-8.109090909090908,-8.15,-7.2,-8.7,0.3603805496828757
7RDY-zinc,174,-8.106818181818182,-8.1,-7.5,-8.5,0.14065010570824457
7RDY-zinc,782,-8.104545454545455,-8.149999999999999,-6.9,-8.8,0.456723044397463
7RDY-zinc,499,-8.102857142857143,-8.0,-7.8,-8.4,0.05322689075630248
7RDY-no-extra,278,-8.1,-8.1,-7.8,-8.4,0.09209302325581403
7RDY-zinc,871,-8.097727272727273,-8.05,-7.6,-8.7,0.25464587737843536
7RDY-no-extra,654,-8.097727272727273,-8.15,-7.8,-8.3,0.04534355179704002
7RDY-no-extra,53,-8.095454545454546,-8.4,-6.7,-8.5,0.4278858350951372
7RDY-zinc,669,-8.095454545454546,-8.35,-7.0,-8.7,0.36974630021141547
7RDY-no-extra,934,-8.093181818181819,-8.05,-7.3,-8.8,0.4987896405919666
7RDY-zinc,45,-8.090909090909092,-8.05,-7.6,-8.5,0.1627061310782247
7RDY-zinc,238,-8.088636363636365,-8.05,-7.7,-8.3,0.04521670190274874
7RDY-zinc,544,-8.088636363636365,-8.1,-7.4,-8.9,0.46893763213530715
7RDY-zinc,356,-8.088636363636363,-8.25,-7.5,-8.4,0.13684460887949346
7RDY-no-extra,376,-8.088636363636363,-8.25,-6.9,-8.8,0.1912632135306554
7RDY-no-extra,204,-8.086363636363636,-8.15,-7.2,-8.5,0.1314376321353068
7RDY-no-extra,956,-8.086363636363636,-8.1,-8.0,-8.2,0.00818181818181813
7RDY-zinc,75,-8.08409090909091,-8.0,-7.8,-8.3,0.041834038054968097
7RDY-zinc,939,-8.084090909090909,-8.149999999999999,-7.1,-8.8,0.43764799154334055
7RDY-zinc,157,-8.084090909090909,-8.05,-7.2,-8.6,0.271601479915433
7RDY-zinc,586,-8.084090909090909,-8.1,-7.7,-8.2,0.011601479915433293
7RDY-no-extra,793,-8.081818181818182,-8.0,-7.9,-8.4,0.03966173361522203
7RDY-no-extra,686,-8.08181818181818,-8.1,-7.8,-8.2,0.008033826638477876
7RDY-zinc,707,-8.079545454545455,-8.1,-7.1,-8.5,0.17143234672304455
7RDY-zinc,230,-8.077272727272726,-7.85,-7.6,-8.6,0.21761099365750514
7RDY-zinc,757,-8.075000000000001,-7.95,-7.5,-8.6,0.2409883720930236
7RDY-zinc,388,-8.075000000000001,-8.15,-7.7,-8.4,0.06238372093023311
7RDY-no-extra,918,-8.074509803921568,-8.1,-7.6,-8.9,0.0759372549019606
7RDY-no-extra,394,-8.072727272727272,-7.95,-7.7,-8.5,0.05551797040169119
7RDY-zinc,62,-8.070454545454545,-8.05,-7.6,-8.6,0.17980443974630067
7RDY-no-extra,353,-8.068181818181818,-8.0,-6.8,-8.6,0.16315010570824529
7RDY-no-extra,176,-8.065909090909091,-8.05,-7.3,-8.3,0.06927589852008462
7RDY-zinc,675,-8.06590909090909,-8.1,-7.4,-8.6,0.25439217758985205
7RDY-zinc,690,-8.063636363636364,-7.9,-7.1,-9.0,0.7437632135306551
7RDY-zinc,944,-8.063636363636364,-8.0,-7.2,-8.9,0.5670190274841435
7RDY-zinc,780,-8.061363636363636,-8.05,-7.6,-8.5,0.12428646934460881
7RDY-zinc,555,-8.061363636363636,-7.800000000000001,-7.6,-8.5,0.17033298097251684
7RDY-zinc,418,-8.061363636363636,-8.15,-6.7,-8.9,0.7382399577167035
7RDY-zinc,660,-8.05909090909091,-8.350000000000001,-7.3,-8.5,0.22107822410147987
7RDY-zinc,249,-8.05909090909091,-8.0,-7.4,-8.6,0.19131078224101505
7RDY-no-extra,508,-8.059090909090909,-8.05,-7.9,-8.2,0.020147991543340498
7RDY-no-extra,336,-8.059090909090909,-8.15,-7.6,-8.5,0.2001479915433407
7RDY-zinc,240,-8.056818181818182,-8.0,-7.9,-8.3,0.01599894291754757
7RDY-zinc,421,-8.052272727272728,-8.1,-7.9,-8.3,0.007204016913319245
7RDY-no-extra,998,-8.052272727272728,-8.05,-7.8,-8.4,0.06534355179704061
7RDY-no-extra,141,-8.049999999999999,-8.0,-7.3,-8.5,0.060697674418604554
7RDY-zinc,789,-8.049999999999999,-8.1,-6.6,-8.7,0.4537209302325566
7RDY-no-extra,85,-8.049999999999999,-8.05,-7.5,-8.6,0.3095348837209295
7RDY-no-extra,289,-8.047727272727274,-8.2,-6.5,-8.5,0.21325052854122634
7RDY-zinc,808,-8.047727272727272,-8.05,-7.3,-8.7,0.3220877378435516
7RDY-no-extra,812,-8.043181818181818,-8.15,-7.6,-8.6,0.1927431289640591
7RDY-no-extra,297,-8.043181818181818,-7.949999999999999,-7.6,-8.6,0.14948731501057125
7RDY-zinc,288,-8.043181818181818,-8.1,-7.3,-8.7,0.2866966173361527
7RDY-zinc,31,-8.043181818181818,-8.05,-7.8,-8.2,0.025766384778012623
7RDY-no-extra,733,-8.040909090909091,-8.0,-7.4,-8.3,0.022008456659619386
7RDY-zinc,880,-8.040909090909091,-8.05,-6.9,-8.9,0.5778224101479921
7RDY-zinc,883,-8.038636363636364,-8.05,-7.9,-8.2,0.017774841437631785
7RDY-zinc,825,-8.036363636363637,-8.05,-7.4,-8.7,0.1986469344608886
7RDY-no-extra,777,-8.036363636363637,-8.3,-7.2,-8.7,0.17120507399577195
7RDY-no-extra,197,-8.036363636363637,-8.100000000000001,-6.7,-8.4,0.13306553911205132
7RDY-no-extra,892,-8.034090909090908,-8.05,-7.0,-8.4,0.13625264270613108
7RDY-zinc,795,-8.031818181818183,-7.95,-7.3,-8.8,0.5389640591966174
7RDY-zinc,331,-8.031818181818181,-8.0,-7.5,-8.2,0.038498942917547394
7RDY-zinc,818,-8.031818181818181,-7.9,-7.3,-8.6,0.18733615221987293
7RDY-no-extra,645,-8.030188679245283,-8.4,-7.1,-9.3,0.519071117561685
7RDY-zinc,665,-8.029545454545454,-8.05,-7.6,-8.4,0.0546881606765328
7RDY-no-extra,194,-8.029545454545454,-7.9,-7.6,-8.3,0.06399048625792828
7RDY-no-extra,37,-8.027272727272727,-8.05,-7.7,-8.3,0.07737843551797075
7RDY-zinc,834,-8.027272727272727,-8.1,-7.5,-8.2,0.04621564482029585
7RDY-no-extra,977,-8.027272727272727,-8.0,-7.3,-8.7,0.45830866807610926
7RDY-zinc,912,-8.027027027027026,-7.7,-7.4,-8.6,0.22147147147147137
7RDY-zinc,764,-8.025,-8.0,-7.9,-8.3,0.01773255813953474
7RDY-no-extra,283,-8.025,-7.95,-7.3,-8.6,0.16005813953488374
7RDY-no-extra,234,-8.025,-8.05,-7.7,-8.3,0.013546511627907014
7RDY-zinc,518,-8.022727272727273,-8.0,-7.8,-8.2,0.018076109936574766
7RDY-zinc,948,-8.020454545454545,-8.05,-7.5,-8.5,0.14910676532769676
7RDY-zinc,920,-8.020454545454545,-8.2,-7.3,-8.5,0.20213002114164863
7RDY-no-extra,533,-8.018181818181818,-8.05,-7.7,-8.4,0.06617336152219894
7RDY-no-extra,618,-8.018181818181818,-8.0,-7.8,-8.2,0.01221987315010572
7RDY-zinc,134,-8.018181818181818,-8.05,-7.6,-8.5,0.15408033826638434
7RDY-zinc,642,-8.01590909090909,-7.9,-7.8,-8.2,0.019043340380549532
7RDY-no-extra,325,-8.01590909090909,-8.05,-7.5,-8.4,0.08974101479915461
7RDY-zinc,65,-8.01590909090909,-8.05,-7.1,-9.2,0.4990433403805492
7RDY-zinc,402,-8.01590909090909,-8.05,-7.3,-8.7,0.09439217758985192
7RDY-no-extra,663,-8.01590909090909,-8.0,-7.8,-8.2,0.019043340380549306
7RDY-no-extra,274,-8.013636363636364,-8.05,-6.5,-8.9,0.7179492600422843
7RDY-no-extra,796,-8.013636363636364,-8.1,-7.6,-8.3,0.046786469344608846
7RDY-zinc,13,-8.013636363636364,-7.9,-7.4,-8.6,0.1770190274841444
7RDY-no-extra,593,-8.011363636363637,-8.0,-7.7,-8.3,0.034984143763213585
7RDY-no-extra,827,-8.011111111111111,-8.1,-6.5,-8.4,0.10919191919191915
7RDY-no-extra,36,-8.00909090909091,-7.9,-7.4,-8.5,0.06689217758985179
7RDY-zinc,56,-8.004545454545454,-8.0,-7.1,-8.7,0.4790486257928104
7RDY-zinc,620,-8.002272727272727,-7.95,-6.8,-8.8,0.25278541226215645
7RDY-zinc,412,-8.002272727272727,-8.0,-7.0,-8.3,0.06115750528541241
7RDY-zinc,730,-8.0,-8.0,-8.0,-8.0,0.0
7RDY-zinc,200,-8.0,-8.0,-7.1,-8.7,0.38465116279069705
7RDY-zinc,341,-8.0,-8.05,-7.2,-8.8,0.38465116279069933
7RDY-zinc,60,-7.997727272727274,-8.0,-7.5,-8.4,0.15418076109936632
7RDY-zinc,507,-7.997727272727272,-8.0,-7.2,-8.3,0.07045983086680742
7RDY-no-extra,154,-7.997727272727272,-8.0,-7.4,-8.6,0.2839482029598308
7RDY-zinc,305,-7.990909090909091,-7.9,-7.3,-8.7,0.14642706131078229
7RDY-no-extra,775,-7.988636363636363,-8.05,-7.0,-8.3,0.07637949260042284
7RDY-zinc,509,-7.988636363636363,-8.100000000000001,-7.6,-8.3,0.10707716701902761
7RDY-no-extra,805,-7.986363636363637,-8.4,-7.2,-8.4,0.3044608879492597
7RDY-no-extra,3,-7.986363636363635,-8.0,-7.6,-8.9,0.14167019027484115
7RDY-zinc,468,-7.986363636363635,-8.05,-7.5,-8.6,0.11190274841437604
7RDY-zinc,695,-7.984090909090909,-7.9,-7.8,-8.2,0.012066596194503015
7RDY-zinc,549,-7.9818181818181815,-8.0,-7.8,-8.2,0.009894291754756859
7RDY-zinc,840,-7.979545454545455,-8.0,-7.2,-8.5,0.24119978858350974
7RDY-no-extra,318,-7.972727272727273,-7.95,-6.9,-8.3,0.10807610993657471
7RDY-zinc,456,-7.972727272727273,-7.8999999999999995,-7.6,-8.4,0.14575052854122642
7RDY-zinc,397,-7.970454545454545,-7.949999999999999,-7.4,-8.4,0.11468816067653287
7RDY-zinc,754,-7.963636363636363,-8.0,-7.0,-8.7,0.3251585623678633
7RDY-zinc,773,-7.961363636363637,-7.949999999999999,-7.0,-8.4,0.13498414376321388
7RDY-zinc,58,-7.959090909090909,-8.0,-7.2,-8.7,0.3601479915433399
7RDY-no-extra,160,-7.959090909090909,-8.2,-6.8,-8.7,0.474101479915433
7RDY-zinc,749,-7.959090909090909,-8.0,-7.7,-8.1,0.007589852008456617
7RDY-zinc,714,-7.959090909090909,-7.95,-7.4,-8.5,0.22572938689217723
7RDY-zinc,849,-7.959090909090909,-8.1,-7.1,-8.7,0.5661945031712465
7RDY-zinc,383,-7.956818181818182,-8.0,-7.3,-8.4,0.06297568710359387
7RDY-no-extra,471,-7.956818181818182,-8.0,-7.0,-8.4,0.1346035940803385
7RDY-zinc,600,-7.956818181818182,-8.0,-7.2,-8.5,0.3076268498942925
7RDY-no-extra,899,-7.956818181818182,-7.9,-7.8,-8.2,0.016464059196617344
7RDY-zinc,90,-7.956818181818182,-7.9,-7.6,-8.3,0.0964640591966174
7RDY-no-extra,636,-7.956818181818181,-8.0,-7.7,-8.2,0.039254756871035794
7RDY-zinc,337,-7.954545454545454,-8.0,-7.9,-8.0,0.00253699788583504
7RDY-no-extra,486,-7.952272727272727,-7.9,-7.6,-8.3,0.04720401691331923
7RDY-zinc,513,-7.952272727272727,-7.949999999999999,-7.7,-8.2,0.03697145877378419
7RDY-no-extra,878,-7.95,-8.0,-7.1,-8.3,0.09837209302325611
7RDY-no-extra,534,-7.95,-7.949999999999999,-7.6,-8.3,0.06674418604651126
7RDY-zinc,63,-7.95,-8.0,-7.5,-8.2,0.030465116279069733
7RDY-zinc,982,-7.947727272727272,-7.9,-7.4,-8.5,0.3072040169133196
7RDY-zinc,466,-7.945454545454546,-8.149999999999999,-7.0,-8.4,0.23974630021141666
7RDY-no-extra,439,-7.945454545454546,-7.9,-7.9,-8.1,0.005792811839323444
7RDY-zinc,554,-7.944680851063829,-7.9,-7.3,-8.3,0.07296022201665074
7RDY-zinc,798,-7.943181818181818,-7.95,-7.8,-8.0,0.0039059196617335728
7RDY-no-extra,413,-7.940909090909091,-7.95,-7.7,-8.0,0.00526427061310778
7RDY-zinc,927,-7.9386363636363635,-7.95,-7.4,-8.5,0.24196088794926
7RDY-no-extra,292,-7.9386363636363635,-8.0,-7.1,-8.5,0.2647515856236786
7RDY-no-extra,814,-7.9386363636363635,-7.949999999999999,-7.2,-8.7,0.45498414376321317
7RDY-zinc,420,-7.931818181818182,-8.0,-7.4,-8.0,0.013847780126849858
7RDY-no-extra,689,-7.929545454545454,-7.949999999999999,-7.6,-8.3,0.09282769556025337
7RDY-zinc,655,-7.927272727272728,-7.85,-7.5,-8.6,0.14947145877378462
7RDY-zinc,697,-7.925,-8.0,-7.4,-8.5,0.19819767441860495
7RDY-zinc,317,-7.920454545454546,-7.9,-7.1,-8.7,0.49654862579281167
7RDY-no-extra,693,-7.920454545454546,-7.800000000000001,-7.4,-8.2,0.07515327695560216
7RDY-no-extra,191,-7.918181818181819,-7.8,-7.4,-8.6,0.28059196617336224
7RDY-no-extra,725,-7.918181818181818,-8.05,-7.6,-8.1,0.03873150105708225
7RDY-zinc,567,-7.918181818181818,-8.0,-7.5,-8.0,0.015940803382663907
7RDY-no-extra,504,-7.918181818181818,-7.8999999999999995,-7.5,-8.3,0.10803382663847767
7RDY-no-extra,192,-7.915909090909091,-8.05,-7.0,-8.7,0.6069503171247357
7RDY-no-extra,801,-7.915909090909091,-8.15,-7.2,-8.5,0.28741543340380565
7RDY-zinc,540,-7.913636363636363,-8.0,-7.0,-8.5,0.318879492600423
7RDY-zinc,91,-7.911363636363637,-8.0,-7.7,-8.4,0.02103065539112044
7RDY-no-extra,815,-7.911363636363635,-7.949999999999999,-7.3,-8.2,0.08521670190274855
7RDY-no-extra,375,-7.909090909090909,-8.15,-7.0,-8.4,0.28549682875264093
7RDY-no-extra,598,-7.909090909090909,-8.05,-7.3,-8.3,0.10456659619450286
7RDY-no-extra,172,-7.909090909090909,-7.95,-6.9,-8.6,0.3850317124735731
7RDY-zinc,543,-7.904545454545455,-7.9,-7.7,-8.2,0.011606765327695563
7RDY-no-extra,587,-7.904545454545455,-7.95,-6.6,-8.5,0.3418393234672309
7RDY-no-extra,783,-7.904545454545455,-7.85,-6.9,-8.7,0.24788583509513748
7RDY-no-extra,226,-7.902272727272727,-7.8999999999999995,-7.6,-8.3,0.0937156448202955
7RDY-no-extra,81,-7.9,-7.7,-7.4,-8.4,0.11882352941176487
7RDY-no-extra,414,-7.8999999999999995,-7.8999999999999995,-7.5,-8.4,0.10883720930232564
7RDY-zinc,183,-7.8999999999999995,-8.0,-7.5,-8.1,0.04790697674418611
7RDY-zinc,107,-7.8977272727272725,-7.9,-7.1,-8.6,0.5048784355179702
7RDY-zinc,129,-7.895454545454546,-7.8999999999999995,-7.3,-8.3,0.15904862579281182
7RDY-no-extra,122,-7.895454545454546,-7.85,-7.0,-8.8,0.820909090909092
7RDY-no-extra,105,-7.895454545454546,-7.85,-7.3,-8.4,0.1855602536997888
7RDY-zinc,268,-7.895454545454545,-7.75,-7.6,-8.3,0.09532769556025379
7RDY-zinc,82,-7.895454545454545,-7.8,-7.7,-8.1,0.016257928118393213
7RDY-zinc,186,-7.8931818181818185,-7.9,-7.4,-8.4,0.2159989429175471
7RDY-zinc,39,-7.890909090909091,-8.0,-7.0,-8.7,0.40084566596194493
7RDY-zinc,799,-7.890909090909091,-7.85,-7.4,-8.3,0.16084566596194536
7RDY-no-extra,594,-7.888636363636365,-7.95,-7.3,-8.4,0.20149577167019056
7RDY-zinc,153,-7.888636363636365,-8.1,-7.1,-8.5,0.404286469344609
7RDY-zinc,156,-7.886363636363637,-7.9,-7.6,-8.3,0.017949260042283317
7RDY-no-extra,187,-7.886363636363637,-7.8,-7.5,-8.1,0.03469344608879511
7RDY-no-extra,476,-7.886363636363637,-7.800000000000001,-6.9,-8.7,0.6370190274841439
7RDY-zinc,265,-7.886363636363637,-7.95,-7.1,-8.4,0.2932980972515855
7RDY-no-extra,525,-7.886363636363637,-7.9,-7.7,-8.1,0.015623678646934336
7RDY-zinc,259,-7.88409090909091,-7.9,-7.5,-8.7,0.05857822410147979
7RDY-zinc,425,-7.88409090909091,-7.95,-6.9,-8.4,0.2334619450317126
7RDY-no-extra,747,-7.884090909090909,-8.0,-7.4,-8.4,0.09857822410148001
7RDY-zinc,196,-7.884090909090909,-7.9,-7.1,-8.6,0.4934619450317122
7RDY-zinc,312,-7.881818181818182,-7.8,-7.4,-8.4,0.20803382663847741
7RDY-zinc,802,-7.879545454545454,-7.85,-7.2,-8.3,0.11329281183932328
7RDY-zinc,936,-7.879545454545454,-7.9,-7.6,-8.1,0.05096723044397451
7RDY-no-extra,158,-7.879545454545454,-7.9,-7.8,-8.7,0.018409090909090865
7RDY-zinc,179,-7.879545454545454,-7.8999999999999995,-6.6,-8.7,0.6960835095137413
7RDY-zinc,762,-7.879545454545454,-7.8999999999999995,-7.1,-8.4,0.22957188160676537
7RDY-no-extra,717,-7.877272727272728,-7.95,-7.1,-8.5,0.2980761099365753
7RDY-no-extra,8,-7.877272727272728,-7.9,-7.1,-8.5,0.27063424947145953
7RDY-no-extra,833,-7.877272727272726,-7.4,-7.0,-8.7,0.4990063424947143
7RDY-no-extra,323,-7.875,-7.95,-6.8,-8.3,0.14703488372093057
7RDY-zinc,741,-7.875,-7.9,-7.2,-8.3,0.18750000000000078
7RDY-no-extra,624,-7.875,-7.85,-7.4,-8.4,0.17959302325581417
7RDY-no-extra,888,-7.875,-7.85,-7.3,-8.5,0.339593023255814
7RDY-zinc,143,-7.872727272727272,-7.9,-6.9,-8.7,0.594122621564482
7RDY-zinc,348,-7.872727272727272,-7.7,-7.4,-8.4,0.060169133192388854
7RDY-no-extra,699,-7.872727272727272,-7.699999999999999,-6.8,-8.7,0.6285412262156445
7RDY-zinc,884,-7.868181818181818,-7.85,-7.6,-8.1,0.028266384778012573
7RDY-no-extra,861,-7.868181818181818,-7.9,-6.6,-8.5,0.4175687103594072
7RDY-zinc,561,-7.865909090909091,-7.8,-7.5,-8.4,0.14508985200845648
7RDY-no-extra,109,-7.863636363636363,-8.100000000000001,-6.9,-8.7,0.4567864693446091
7RDY-zinc,510,-7.863636363636363,-7.9,-7.3,-8.4,0.2953911205073998
7RDY-no-extra,857,-7.863636363636363,-7.8,-7.2,-8.5,0.28748414376321335
7RDY-zinc,371,-7.863636363636363,-7.85,-7.3,-8.3,0.14515856236786545
7RDY-no-extra,844,-7.863636363636363,-7.85,-7.6,-8.2,0.030739957716701908
7RDY-zinc,116,-7.861363636363637,-8.1,-6.2,-8.3,0.3573097251585629
7RDY-zinc,10,-7.861363636363637,-7.8,-7.3,-8.4,0.22382135306553905
7RDY-zinc,859,-7.861363636363635,-8.1,-6.6,-8.3,0.2740539112050736
7RDY-zinc,482,-7.859090909090909,-7.85,-7.6,-8.1,0.034101479915433344
7RDY-zinc,254,-7.859090909090909,-8.2,-6.8,-8.5,0.4950317124735729
7RDY-zinc,772,-7.8568181818181815,-8.0,-6.5,-8.3,0.25460359408033834
7RDY-no-extra,531,-7.8568181818181815,-8.05,-6.8,-8.2,0.19646405919661708
7RDY-no-extra,260,-7.854545454545455,-7.65,-7.1,-8.6,0.4132346723044396
7RDY-zinc,367,-7.854545454545455,-7.8999999999999995,-7.3,-8.3,0.18439746300211446
7RDY-zinc,746,-7.854545454545455,-7.9,-7.2,-8.2,0.04346723044397458
7RDY-no-extra,270,-7.854545454545454,-7.85,-7.4,-8.2,0.09509513742071844
7RDY-no-extra,907,-7.854545454545454,-8.0,-7.0,-8.7,0.5885835095137445
7RDY-zinc,578,-7.8522727272727275,-7.800000000000001,-7.0,-8.6,0.5630179704016903
7RDY-no-extra,766,-7.8522727272727275,-7.65,-7.2,-8.8,0.372785412262156
7RDY-no-extra,604,-7.8522727272727275,-7.75,-6.3,-8.7,0.18115750528541213
7RDY-zinc,290,-7.8522727272727275,-7.9,-7.8,-7.9,0.002552854122621571
7RDY-zinc,361,-7.8522727272727275,-7.800000000000001,-7.4,-8.1,0.052785412262156155
7RDY-zinc,902,-7.8522727272727275,-7.8,-7.5,-8.3,0.1276691331923887
7RDY-zinc,803,-7.8500000000000005,-7.95,-6.7,-8.4,0.32627906976744203
7RDY-zinc,823,-7.85,-7.8,-7.8,-8.0,0.004883720930232587
7RDY-zinc,787,-7.85,-7.85,-7.5,-8.2,0.125348837209302
7RDY-no-extra,539,-7.85,-7.85,-7.2,-8.1,0.05046511627906987
7RDY-zinc,281,-7.849019607843138,-7.8,-7.7,-8.1,0.02174901960784307
7RDY-zinc,616,-7.847727272727272,-7.949999999999999,-6.6,-8.7,0.7574365750528541
7RDY-no-extra,794,-7.843181818181819,-7.85,-7.7,-8.0,0.018789640591966385
7RDY-zinc,279,-7.840909090909091,-7.95,-6.8,-8.6,0.5461945031712478
7RDY-zinc,496,-7.838636363636363,-7.9,-7.5,-8.1,0.022426004228329823
7RDY-no-extra,71,-7.836363636363637,-7.85,-7.7,-8.0,0.007949260042283272
7RDY-zinc,961,-7.834090909090909,-7.800000000000001,-7.3,-8.5,0.10602008456659597
7RDY-zinc,92,-7.834090909090909,-7.9,-7.0,-9.0,0.4529968287526428
7RDY-no-extra,185,-7.834090909090909,-7.75,-7.2,-8.6,0.4157875264270595
7RDY-zinc,465,-7.829545454545454,-7.85,-7.3,-8.0,0.030036997885835057
7RDY-no-extra,635,-7.829545454545454,-7.9,-7.2,-8.0,0.01887420718816071
7RDY-no-extra,477,-7.827272727272728,-8.0,-6.7,-8.4,0.3094714587737842
7RDY-no-extra,658,-7.827272727272728,-7.6,-6.9,-8.5,0.3392389006342494
7RDY-zinc,696,-7.827272727272727,-7.8,-7.7,-8.0,0.0038900634249471574
7RDY-no-extra,21,-7.825,-7.8,-6.9,-8.2,0.13587209302325515
7RDY-zinc,953,-7.825,-7.9,-7.4,-8.4,0.06703488372093024
7RDY-zinc,374,-7.822727272727272,-7.8,-7.4,-8.4,0.05202959830866802
7RDY-no-extra,628,-7.822727272727272,-7.800000000000001,-7.5,-8.0,0.03249471458773789
7RDY-zinc,612,-7.822727272727272,-7.95,-6.6,-8.4,0.36737843551797045
7RDY-no-extra,386,-7.820454545454546,-7.95,-6.9,-8.6,0.3537579281183928
7RDY-no-extra,668,-7.820454545454546,-7.8500000000000005,-6.3,-8.8,0.991432346723046
7RDY-zinc,139,-7.818181818181818,-7.8,-7.6,-8.1,0.014545454545454544
7RDY-zinc,203,-7.818181818181818,-7.800000000000001,-7.6,-8.2,0.025708245243129032
7RDY-no-extra,989,-7.818181818181818,-7.7,-7.0,-8.7,0.33687103594080375
7RDY-zinc,908,-7.818181818181818,-7.8,-7.7,-7.9,0.00663847780126848
7RDY-no-extra,399,-7.818181818181818,-7.9,-7.1,-8.4,0.24663847780126855
7RDY-no-extra,937,-7.818181818181818,-7.8,-6.7,-8.4,0.23361522198731546
7RDY-zinc,17,-7.8159090909090905,-7.8,-7.2,-8.3,0.11578752642706122
7RDY-no-extra,671,-7.8159090909090905,-8.1,-6.1,-8.7,0.9483456659619443
7RDY-zinc,978,-7.8159090909090905,-7.85,-7.5,-8.1,0.08369450317124717
7RDY-zinc,385,-7.8159090909090905,-7.800000000000001,-7.3,-8.5,0.08508985200845708
7RDY-no-extra,621,-7.8136363636363635,-7.800000000000001,-7.5,-8.1,0.04725158562367849
7RDY-zinc,165,-7.8136363636363635,-7.8,-7.2,-8.1,0.06260042283298098
7RDY-no-extra,743,-7.8090909090909095,-7.8,-7.3,-8.3,0.18456659619450333
7RDY-zinc,50,-7.806818181818182,-7.8,-7.4,-8.2,0.10669661733615214
7RDY-zinc,103,-7.806818181818182,-7.949999999999999,-7.2,-8.1,0.10716173361522183
7RDY-no-extra,710,-7.806818181818182,-7.85,-7.0,-8.5,0.2876268498942922
7RDY-no-extra,788,-7.806818181818182,-7.65,-7.3,-8.4,0.11181289640591988
7RDY-zinc,248,-7.804545454545456,-7.8500000000000005,-7.3,-8.3,0.25160676532769555
7RDY-no-extra,206,-7.804545454545454,-7.85,-7.0,-8.1,0.08090909090909168
7RDY-zinc,316,-7.804545454545454,-7.95,-6.6,-8.1,0.1618393234672303
7RDY-zinc,49,-7.804545454545454,-7.8,-7.1,-8.1,0.03067653276955604
7RDY-no-extra,284,-7.802272727272728,-7.800000000000001,-7.3,-8.4,0.2583668076109943
7RDY-zinc,131,-7.802272727272728,-7.9,-7.4,-8.0,0.04999471458773781
7RDY-zinc,691,-7.802272727272728,-7.65,-7.4,-8.2,0.06720401691331938
7RDY-zinc,542,-7.802272727272728,-7.8999999999999995,-6.9,-8.3,0.18348308668076083
7RDY-no-extra,33,-7.802272727272728,-7.5,-6.9,-8.4,0.23557610993657552
7RDY-zinc,896,-7.802272727272728,-7.8999999999999995,-6.6,-8.4,0.29418076109936636
7RDY-no-extra,596,-7.802272727272728,-7.8,-6.9,-8.5,0.12859936575052852
7RDY-no-extra,146,-7.802272727272728,-7.65,-7.0,-9.0,0.39557610993657566
7RDY-zinc,816,-7.8,-7.8,-7.5,-8.3,0.027441860465116295
7RDY-no-extra,987,-7.8,-7.85,-6.8,-8.5,0.304651162790698
7RDY-no-extra,945,-7.8,-7.8,-6.9,-8.2,0.13953488372092956
7RDY-no-extra,523,-7.8,-7.800000000000001,-7.7,-7.9,0.010232558139534938
7RDY-no-extra,381,-7.8,-8.05,-7.1,-9.0,0.3525581395348848
7RDY-zinc,637,-7.797727272727273,-7.9,-7.1,-8.4,0.18766913319238906
7RDY-no-extra,163,-7.797727272727273,-7.6,-7.5,-8.4,0.09418076109936573
7RDY-no-extra,9,-7.797727272727273,-7.9,-7.3,-8.2,0.020692389006342526
7RDY-zinc,968,-7.797727272727273,-7.8,-7.5,-8.0,0.0439482029598307
7RDY-zinc,576,-7.797727272727273,-7.8,-6.7,-8.8,0.8606923890063406
7RDY-no-extra,611,-7.797727272727272,-7.75,-7.4,-8.2,0.16208773784355152
7RDY-zinc,451,-7.795454545454546,-7.85,-7.1,-8.0,0.03811839323467228
7RDY-no-extra,246,-7.795454545454546,-7.9,-7.1,-8.1,0.04788583509513757
7RDY-zinc,232,-7.795454545454546,-7.8,-6.8,-8.2,0.11346723044397465
7RDY-zinc,656,-7.795454545454546,-7.85,-7.1,-8.2,0.1343974630021141
7RDY-zinc,771,-7.795454545454546,-7.75,-7.4,-8.4,0.16881606765327656
7RDY-no-extra,550,-7.795454545454546,-7.8,-6.9,-8.5,0.3213742071881596
7RDY-no-extra,193,-7.795454545454546,-7.8,-7.7,-7.9,0.005560253699788596
7RDY-no-extra,784,-7.795454545454546,-7.8,-7.3,-8.1,0.06230443974630101
7RDY-zinc,401,-7.794444444444445,-7.4,-7.4,-8.4,0.24053968253968264
7RDY-no-extra,322,-7.793181818181818,-7.85,-6.7,-8.8,0.9508826638477803
7RDY-no-extra,487,-7.790909090909091,-7.699999999999999,-7.1,-8.5,0.3701479915433404
7RDY-no-extra,951,-7.788636363636363,-7.699999999999999,-7.1,-8.3,0.25544926004228374
7RDY-no-extra,269,-7.788636363636363,-7.75,-7.2,-8.3,0.20103065539112072
7RDY-no-extra,986,-7.788636363636363,-7.95,-7.4,-8.0,0.07405391120507349
7RDY-zinc,904,-7.788636363636363,-7.8,-7.3,-8.2,0.17405391120507363
7RDY-zinc,703,-7.788636363636363,-7.65,-7.4,-9.5,0.24010042283298114
7RDY-no-extra,392,-7.786363636363637,-7.8999999999999995,-7.1,-8.5,0.34353065539112093
7RDY-zinc,237,-7.786363636363635,-7.800000000000001,-7.1,-8.2,0.11376321353065533
7RDY-no-extra,909,-7.784090909090909,-7.8,-7.2,-8.3,0.08881078224101471
7RDY-zinc,326,-7.784090909090909,-7.6,-6.7,-8.5,0.3678805496828759
7RDY-no-extra,966,-7.779545454545455,-7.85,-7.4,-8.1,0.07003699788583498
7RDY-no-extra,614,-7.779545454545455,-7.85,-7.0,-8.4,0.39887420718816136
7RDY-zinc,257,-7.779545454545455,-7.7,-7.1,-8.3,0.2663160676532769
7RDY-zinc,914,-7.777272727272727,-7.75,-7.6,-7.9,0.011099365750528502
7RDY-zinc,882,-7.7727272727272725,-7.949999999999999,-6.6,-8.5,0.41691331923890124
7RDY-zinc,339,-7.770454545454545,-7.8,-6.7,-8.5,0.5514323467230448
7RDY-zinc,790,-7.7681818181818185,-7.65,-7.3,-8.5,0.23849894291754783
7RDY-no-extra,980,-7.765909090909091,-7.8,-7.3,-8.0,0.04695031712473572
7RDY-zinc,41,-7.765909090909091,-7.7,-7.0,-8.1,0.06695031712473576
7RDY-no-extra,350,-7.763636363636365,-7.7,-7.5,-8.1,0.022832980972515883
7RDY-no-extra,854,-7.763636363636365,-7.8,-7.1,-7.9,0.035391120507399655
7RDY-zinc,891,-7.763636363636365,-7.7,-7.4,-8.1,0.04841437632135307
7RDY-zinc,447,-7.763636363636365,-7.75,-6.8,-8.4,0.2772515856236789
7RDY-no-extra,1,-7.761363636363637,-7.75,-6.9,-8.5,0.39265856236786517
7RDY-zinc,205,-7.761363636363637,-7.800000000000001,-7.3,-8.0,0.02475158562367885
7RDY-zinc,138,-7.761363636363637,-7.800000000000001,-6.9,-8.5,0.4349841437632146
7RDY-zinc,370,-7.761363636363637,-7.85,-7.6,-8.0,0.02521670190274861
7RDY-zinc,406,-7.754545454545454,-7.75,-6.7,-8.5,0.27276955602536973
7RDY-no-extra,236,-7.754545454545454,-8.1,-6.8,-8.5,0.5350951374207199
7RDY-no-extra,804,-7.754545454545454,-7.699999999999999,-7.1,-8.2,0.06486257928118397
7RDY-no-extra,112,-7.752272727272728,-7.65,-7.4,-8.2,0.1262737843551796
7RDY-zinc,328,-7.752272727272728,-7.8,-6.9,-8.2,0.10952959830866796
7RDY-no-extra,73,-7.75,-7.7,-7.4,-8.2,0.09139534883720922
7RDY-no-extra,181,-7.75,-7.75,-7.6,-7.9,0.02302325581395351
7RDY-no-extra,64,-7.75,-7.65,-7.4,-8.2,0.11511627906976706
7RDY-no-extra,526,-7.745454545454546,-7.8,-7.0,-8.2,0.08858350951374211
7RDY-no-extra,929,-7.745454545454546,-7.7,-6.9,-8.5,0.5760253699788586
7RDY-zinc,130,-7.743181818181818,-7.75,-6.6,-8.4,0.37692917547568766
7RDY-zinc,591,-7.743181818181818,-7.9,-6.5,-8.5,0.3564640591966176
7RDY-no-extra,716,-7.743181818181818,-7.75,-7.5,-8.2,0.03088266384778004
7RDY-no-extra,570,-7.740909090909091,-7.7,-6.9,-8.5,0.44619450317124815
7RDY-zinc,302,-7.740909090909091,-7.75,-6.8,-8.6,0.755961945031712
7RDY-no-extra,677,-7.740909090909091,-7.65,-7.5,-8.3,0.042938689217759014
7RDY-zinc,409,-7.740909090909091,-7.699999999999999,-7.4,-8.1,0.03735729386892184
7RDY-no-extra,680,-7.736363636363637,-7.5,-6.7,-8.3,0.23771670190274863
7RDY-zinc,590,-7.736363636363637,-8.15,-6.1,-8.4,0.5684143763213532
7RDY-no-extra,321,-7.734090909090909,-7.75,-6.9,-8.1,0.1427642706131078
7RDY-zinc,685,-7.734090909090909,-7.8,-7.1,-8.0,0.10136892177589853
7RDY-zinc,517,-7.7318181818181815,-7.75,-7.3,-8.4,0.1524524312896405
7RDY-no-extra,926,-7.7318181818181815,-7.8,-6.8,-8.4,0.4454756871035942
7RDY-no-extra,983,-7.729545454545454,-7.75,-7.3,-8.3,0.1839904862579281
7RDY-zinc,797,-7.7272727272727275,-7.4,-6.8,-8.5,0.30668076109936565
7RDY-zinc,405,-7.7272727272727275,-7.8,-7.3,-8.0,0.08342494714587743
7RDY-no-extra,901,-7.7272727272727275,-7.9,-6.9,-8.5,0.4964482029598307
7RDY-no-extra,207,-7.725,-7.65,-7.2,-8.2,0.06610465116279064
7RDY-zinc,16,-7.718181818181819,-7.7,-7.5,-8.1,0.051754756871035965
7RDY-zinc,522,-7.718181818181818,-7.6,-7.3,-8.3,0.1838477801268497
7RDY-no-extra,264,-7.715909090909091,-7.7,-7.0,-8.4,0.039973572938689216
7RDY-zinc,150,-7.715909090909091,-7.85,-6.7,-8.0,0.11067124735729403
7RDY-zinc,981,-7.715909090909091,-8.0,-6.8,-8.5,0.43160147991543313
7RDY-zinc,108,-7.715909090909091,-7.7,-7.5,-8.2,0.04648520084566591
7RDY-no-extra,744,-7.715909090909091,-7.5,-7.4,-8.1,0.07811310782241004
7RDY-zinc,215,-7.715909090909091,-7.75,-7.6,-7.8,0.008345665961945043
7RDY-no-extra,608,-7.713636363636363,-7.699999999999999,-7.5,-7.9,0.03376321353065578
7RDY-zinc,785,-7.713636363636363,-7.7,-6.9,-7.9,0.0519027484143763
7RDY-no-extra,729,-7.711363636363637,-7.75,-7.1,-8.3,0.2689376321353069
7RDY-zinc,89,-7.711363636363637,-7.7,-7.5,-8.0,0.008937632135306522
7RDY-zinc,845,-7.711363636363637,-7.5,-7.3,-8.2,0.13079809725158525
7RDY-no-extra,694,-7.711363636363637,-7.65,-7.5,-7.9,0.023821353065539116
7RDY-zinc,307,-7.70909090909091,-7.699999999999999,-6.9,-8.3,0.3575898520084563
7RDY-no-extra,602,-7.709090909090909,-7.699999999999999,-7.0,-8.5,0.3729386892177597
7RDY-zinc,20,-7.709090909090909,-7.550000000000001,-7.2,-8.3,0.26921775898520095
7RDY-no-extra,119,-7.709090909090909,-7.9,-6.4,-8.7,0.6273572938689223
7RDY-no-extra,638,-7.706818181818182,-7.75,-7.5,-8.0,0.03320824524312883
7RDY-no-extra,495,-7.706818181818182,-7.5,-7.3,-8.6,0.1397198731501055
7RDY-zinc,266,-7.706818181818181,-8.0,-7.1,-8.2,0.20809196617336145
7RDY-no-extra,715,-7.704545454545454,-7.550000000000001,-7.0,-8.5,0.2999788583509511
7RDY-zinc,923,-7.704545454545454,-7.9,-6.9,-8.2,0.17253699788583354
7RDY-no-extra,239,-7.704545454545454,-7.65,-6.8,-8.8,0.839978858350951
7RDY-zinc,942,-7.702272727272728,-7.7,-7.1,-8.4,0.37139006342494674
7RDY-no-extra,647,-7.702272727272727,-7.65,-7.3,-8.1,0.07232029598308654
7RDY-zinc,38,-7.7,-7.6499999999999995,-6.9,-8.4,0.3846511627906985
7RDY-no-extra,379,-7.697727272727272,-7.65,-7.5,-8.0,0.04069238900634262
7RDY-no-extra,282,-7.697727272727272,-7.699999999999999,-6.6,-8.7,1.0281342494714574
7RDY-no-extra,390,-7.697727272727272,-7.65,-6.9,-8.2,0.12487843551796995
7RDY-zinc,121,-7.695454545454546,-8.0,-6.4,-8.1,0.3581183932346725
7RDY-zinc,722,-7.695454545454544,-7.75,-6.8,-8.2,0.19858350951374187
7RDY-no-extra,603,-7.693181818181818,-7.4,-7.1,-8.6,0.3229756871035927
7RDY-zinc,419,-7.693181818181818,-7.7,-7.0,-8.4,0.14018498942917557
7RDY-no-extra,751,-7.693181818181818,-7.65,-7.2,-7.9,0.02437103594080334
7RDY-no-extra,29,-7.6909090909090905,-7.65,-7.4,-8.0,0.033868921775898495
7RDY-no-extra,855,-7.6909090909090905,-7.9,-7.1,-8.0,0.11340380549682899
7RDY-zinc,887,-7.6886363636363635,-7.7,-6.8,-8.5,0.5694027484143763
7RDY-zinc,963,-7.6886363636363635,-7.7,-7.4,-8.0,0.06754228329809717
7RDY-no-extra,727,-7.6863636363636365,-7.6,-7.3,-8.2,0.11701902748414367
7RDY-no-extra,1000,-7.6863636363636365,-7.75,-6.7,-8.4,0.512367864693446
7RDY-zinc,806,-7.681818181818182,-7.5,-6.6,-8.1,0.12896405919661721
7RDY-zinc,475,-7.679545454545454,-7.7,-7.1,-7.9,0.06631606765327702
7RDY-no-extra,503,-7.677272727272728,-7.7,-7.0,-8.1,0.12040169133192392
7RDY-zinc,684,-7.675,-7.6,-7.1,-8.2,0.0507558139534882
7RDY-no-extra,84,-7.675,-7.3,-7.2,-8.4,0.20610465116279017
7RDY-zinc,384,-7.675,-7.7,-7.6,-7.8,0.0023837209302325644
7RDY-no-extra,0,-7.673469387755102,-8.3,-6.6,-8.6,0.9657397959183682
7RDY-no-extra,952,-7.672727272727273,-7.75,-6.5,-8.4,0.47877378435518064
7RDY-zinc,314,-7.670454545454546,-7.7,-7.4,-8.1,0.025850951374207197
7RDY-no-extra,227,-7.670454545454546,-7.6,-7.3,-7.9,0.03654862579281178
7RDY-no-extra,458,-7.665909090909091,-7.65,-6.7,-8.2,0.22741543340380588
7RDY-no-extra,756,-7.663636363636363,-7.7,-7.2,-8.3,0.14934460887949255
7RDY-no-extra,319,-7.663636363636363,-7.699999999999999,-6.6,-8.3,0.38887949260042354
7RDY-no-extra,488,-7.661363636363637,-7.55,-7.4,-8.3,0.054519027484143855
7RDY-zinc,473,-7.661363636363635,-7.75,-6.6,-8.6,0.9047515856236775
7RDY-zinc,101,-7.661363636363635,-7.65,-6.7,-8.2,0.22335623678647065
7RDY-no-extra,431,-7.659090909090909,-7.7,-7.6,-7.8,0.0034038054968288296
7RDY-no-extra,334,-7.659090909090909,-7.7,-6.3,-8.0,0.09921775898520077
7RDY-no-extra,985,-7.656818181818182,-7.65,-7.0,-8.4,0.4420454545454552
7RDY-no-extra,577,-7.656818181818182,-7.95,-6.0,-8.4,0.5387896405919669
7RDY-zinc,597,-7.656818181818181,-7.65,-7.3,-8.0,0.10158033826638477
7RDY-zinc,974,-7.654545454545455,-7.7,-7.3,-8.0,0.122536997885835
7RDY-no-extra,369,-7.654545454545455,-7.800000000000001,-6.5,-8.5,0.6039323467230446
7RDY-no-extra,345,-7.654545454545455,-7.95,-6.5,-8.5,0.7188160676532767
7RDY-zinc,166,-7.654545454545455,-7.7,-7.1,-8.0,0.11649048625792817
7RDY-no-extra,688,-7.654545454545453,-8.2,-6.8,-8.6,0.39090909090909115
7RDY-no-extra,894,-7.652272727272727,-7.65,-7.4,-8.0,0.050924947145877475
7RDY-no-extra,251,-7.652272727272727,-7.55,-7.3,-8.1,0.1341807610993661
7RDY-no-extra,737,-7.652272727272727,-7.65,-7.0,-8.2,0.083948202959831
7RDY-no-extra,338,-7.652272727272727,-7.6,-7.0,-8.3,0.31929704016913385
7RDY-zinc,151,-7.65,-7.65,-7.3,-8.0,0.1253488372093023
7RDY-no-extra,947,-7.65,-7.65,-7.2,-8.1,0.20720930232558152
7RDY-zinc,461,-7.65,-7.65,-7.5,-7.8,0.023023255813953362
7RDY-no-extra,839,-7.645454545454545,-7.65,-7.3,-8.0,0.11974630021141665
7RDY-no-extra,26,-7.645454545454545,-7.6,-7.0,-8.3,0.34997885835095044
7RDY-no-extra,34,-7.645454545454545,-7.65,-6.8,-8.0,0.13183932346723054
7RDY-no-extra,913,-7.6431818181818185,-7.5,-7.2,-8.0,0.04390591966173366
7RDY-zinc,514,-7.6431818181818185,-7.65,-7.3,-8.0,0.08204545454545507
7RDY-zinc,216,-7.643181818181817,-7.699999999999999,-7.1,-8.3,0.2853012684989429
7RDY-no-extra,136,-7.643181818181817,-7.65,-7.0,-8.2,0.29925475687103587
7RDY-zinc,335,-7.640909090909091,-7.75,-7.0,-8.1,0.14526427061310818
7RDY-no-extra,7,-7.638636363636365,-7.8,-6.8,-8.1,0.20986786469344587
7RDY-zinc,434,-7.638636363636365,-7.699999999999999,-7.3,-7.9,0.061960887949260204
7RDY-zinc,767,-7.638636363636363,-7.7,-7.1,-8.2,0.23126321353065318
7RDY-zinc,709,-7.638636363636363,-7.65,-6.4,-8.8,1.1689376321353058
7RDY-no-extra,188,-7.636363636363637,-7.65,-7.5,-7.8,0.01353065539112057
7RDY-no-extra,228,-7.636363636363637,-7.6,-6.0,-8.4,0.4363213530655389
7RDY-no-extra,774,-7.636363636363637,-7.5,-6.9,-8.3,0.2991120507399582
7RDY-no-extra,843,-7.63409090909091,-7.6,-7.2,-8.0,0.06555496828752651
7RDY-zinc,222,-7.63409090909091,-7.65,-6.9,-7.9,0.07392706131078215
7RDY-zinc,969,-7.63409090909091,-7.6,-6.9,-8.3,0.41857822410148116
7RDY-no-extra,712,-7.63409090909091,-7.699999999999999,-6.5,-8.1,0.10508985200845732
7RDY-no-extra,114,-7.634090909090909,-7.949999999999999,-6.6,-8.4,0.5506712473572942
7RDY-zinc,505,-7.629545454545454,-7.65,-7.3,-7.9,0.07608350951374199
7RDY-zinc,202,-7.629545454545454,-7.7,-7.2,-8.2,0.06771141649048626
7RDY-zinc,184,-7.627272727272728,-7.65,-6.8,-8.5,0.6494714587737853
7RDY-no-extra,681,-7.627272727272728,-7.55,-7.3,-8.0,0.11179704016913339
7RDY-zinc,915,-7.627272727272728,-7.7,-6.6,-8.1,0.13179704016913335
7RDY-no-extra,940,-7.627272727272728,-7.699999999999999,-6.8,-8.3,0.4052854122621563
7RDY-no-extra,933,-7.627272727272728,-7.65,-6.9,-8.1,0.2066807610993658
7RDY-zinc,900,-7.627272727272726,-7.449999999999999,-7.0,-8.3,0.3066807610993654
7RDY-no-extra,436,-7.625,-7.7,-7.0,-7.9,0.040523255813953496
7RDY-zinc,214,-7.622727272727274,-7.7,-6.7,-8.4,0.5520295983086702
7RDY-zinc,78,-7.622727272727274,-7.6,-7.3,-7.9,0.07528541226215656
7RDY-no-extra,999,-7.622727272727272,-7.699999999999999,-7.0,-7.9,0.11854122621564464
7RDY-zinc,776,-7.618181818181818,-7.7,-7.2,-8.0,0.067568710359408
7RDY-no-extra,547,-7.61590909090909,-7.65,-7.1,-8.2,0.22788054968287522
7RDY-no-extra,393,-7.61590909090909,-7.9,-6.7,-8.2,0.4009038054968286
7RDY-zinc,32,-7.61590909090909,-7.85,-6.6,-8.3,0.3943921775898518
7RDY-no-extra,219,-7.613636363636363,-7.65,-7.1,-8.2,0.13004228329809703
7RDY-no-extra,666,-7.613636363636363,-7.6,-7.1,-8.1,0.07143763213530659
7RDY-zinc,498,-7.613636363636363,-7.6,-7.5,-7.7,0.008181818181818233
7RDY-zinc,389,-7.611363636363635,-7.6,-6.9,-8.3,0.22754228329809703
7RDY-no-extra,171,-7.611363636363635,-7.6499999999999995,-7.0,-8.2,0.35544926004228306
7RDY-zinc,704,-7.611363636363635,-7.3,-6.3,-8.6,0.5805655391120514
7RDY-zinc,646,-7.609090909090909,-7.6,-7.2,-8.1,0.05712473572938687
7RDY-no-extra,988,-7.609090909090909,-7.65,-7.0,-8.0,0.14410147991543384
7RDY-zinc,435,-7.609090909090909,-7.65,-7.3,-7.9,0.07433403805496812
7RDY-no-extra,564,-7.6068181818181815,-7.6,-7.0,-8.2,0.2685570824524314
7RDY-zinc,946,-7.604545454545455,-7.8,-6.6,-8.2,0.12416490486257942
7RDY-zinc,607,-7.604545454545455,-7.6000000000000005,-6.6,-8.7,0.773002114164906
7RDY-no-extra,467,-7.604545454545455,-7.7,-6.5,-8.0,0.10881606765327692
7RDY-zinc,639,-7.604545454545454,-7.65,-6.6,-8.6,1.0143974630021138
7RDY-no-extra,512,-7.6022727272727275,-7.8,-7.1,-8.3,0.16022727272727302
7RDY-zinc,427,-7.6022727272727275,-7.55,-7.3,-8.2,0.1123202959830864
7RDY-zinc,565,-7.6022727272727275,-7.9,-6.0,-8.2,0.36022727272727206
7RDY-zinc,67,-7.6022727272727275,-7.65,-7.2,-7.8,0.049994714587737826
7RDY-zinc,724,-7.6,-7.6,-7.5,-7.7,0.010232558139534938
7RDY-zinc,472,-7.595454545454545,-7.65,-6.9,-8.1,0.18369978858350947
7RDY-zinc,941,-7.595454545454545,-7.6,-7.0,-8.0,0.1562579281183931
7RDY-no-extra,817,-7.593181818181819,-7.6,-7.2,-7.8,0.044836152219873714
7RDY-zinc,738,-7.590909090909091,-7.6,-7.0,-8.1,0.2659619450317127
7RDY-no-extra,343,-7.588636363636363,-7.5,-7.4,-7.8,0.016379492600422846
7RDY-zinc,255,-7.584090909090909,-7.6,-6.7,-8.3,0.40276427061310727
7RDY-no-extra,355,-7.581818181818182,-7.550000000000001,-6.6,-8.6,0.8238477801268503
7RDY-zinc,763,-7.581818181818182,-7.5,-7.3,-8.3,0.07268498942917549
7RDY-zinc,349,-7.581818181818182,-7.65,-7.3,-8.1,0.04524312896405927
7RDY-no-extra,128,-7.579545454545454,-7.7,-7.1,-8.0,0.0816649048625794
7RDY-zinc,779,-7.579545454545454,-7.55,-6.9,-8.2,0.3616649048625796
7RDY-no-extra,991,-7.579545454545454,-7.65,-7.0,-7.9,0.11608350951374202
7RDY-zinc,731,-7.575,-7.449999999999999,-6.7,-8.3,0.19912790697674443
7RDY-no-extra,97,-7.575,-7.45,-6.4,-8.6,0.7763372093023244
7RDY-no-extra,256,-7.572727272727272,-7.6,-7.3,-7.8,0.018308668076109993
7RDY-no-extra,244,-7.572727272727272,-7.5,-7.2,-8.1,0.14202959830866824
7RDY-no-extra,972,-7.570454545454546,-7.5,-7.2,-7.9,0.023060253699788622
7RDY-zinc,928,-7.568181818181818,-7.5,-7.0,-8.5,0.25245243128964123
7RDY-zinc,865,-7.568181818181818,-7.5,-6.7,-8.1,0.2543128964059195
7RDY-no-extra,327,-7.568181818181818,-7.5,-7.1,-7.7,0.01756871035940804
7RDY-zinc,407,-7.568181818181818,-7.65,-7.3,-8.1,0.06361522198731501
7RDY-no-extra,819,-7.5636363636363635,-7.55,-7.3,-7.9,0.07213530655391116
7RDY-zinc,86,-7.5636363636363635,-7.6,-7.0,-8.1,0.11632135306553913
7RDY-no-extra,454,-7.5613636363636365,-7.75,-6.4,-8.2,0.3777748414376317
7RDY-zinc,25,-7.5613636363636365,-7.6,-7.0,-7.7,0.026146934460887943
7RDY-no-extra,847,-7.5590909090909095,-7.45,-7.1,-8.0,0.18619450317124772
7RDY-no-extra,718,-7.5590909090909095,-7.4,-7.0,-8.2,0.1550317124735727
7RDY-zinc,758,-7.556818181818182,-7.8,-7.1,-8.1,0.13181289640591975
7RDY-no-extra,137,-7.556818181818182,-7.5,-7.0,-8.5,0.06576638477801257
7RDY-zinc,299,-7.556818181818182,-7.4,-7.0,-8.0,0.10995243128964058
7RDY-zinc,552,-7.556818181818182,-7.6,-6.4,-8.6,1.10855708245243
7RDY-no-extra,897,-7.554545454545454,-7.75,-6.7,-8.0,0.25090909090909086
7RDY-no-extra,342,-7.552272727272728,-7.6,-6.8,-8.2,0.29139006342494744
7RDY-zinc,493,-7.552272727272728,-7.55,-6.5,-8.4,0.4160412262156455
7RDY-no-extra,175,-7.547727272727273,-7.4,-7.1,-8.0,0.10255285412262143
7RDY-zinc,569,-7.547727272727273,-7.7,-6.9,-8.3,0.1774365750528542
7RDY-zinc,225,-7.547727272727273,-7.5,-7.0,-8.0,0.03139006342494712
7RDY-zinc,253,-7.547727272727273,-7.65,-6.5,-8.5,0.5039482029598322
7RDY-zinc,924,-7.547727272727272,-7.85,-6.7,-8.3,0.48580866807611023
7RDY-no-extra,22,-7.545454545454546,-7.4,-6.7,-8.2,0.28625792811839296
7RDY-no-extra,745,-7.545454545454546,-7.550000000000001,-6.7,-8.3,0.5830021141649043
7RDY-zinc,66,-7.540909090909091,-7.65,-6.9,-7.9,0.09735729386892188
7RDY-no-extra,217,-7.538636363636363,-7.55,-7.4,-7.8,0.022426004228329823
7RDY-zinc,35,-7.534090909090909,-7.55,-6.5,-8.4,0.6516014799154349
7RDY-no-extra,990,-7.534090909090909,-7.5,-6.7,-8.4,0.7129968287526434
7RDY-zinc,582,-7.531818181818181,-7.55,-7.2,-7.9,0.03617336152219876
7RDY-zinc,535,-7.531818181818181,-7.6,-7.0,-8.0,0.08640591966173372
7RDY-no-extra,932,-7.529545454545455,-7.5,-7.2,-7.9,0.06957188160676554
7RDY-zinc,536,-7.529545454545455,-7.550000000000001,-6.6,-8.1,0.19050211416490506
7RDY-zinc,433,-7.529545454545455,-7.65,-6.5,-8.1,0.28445560253699814
7RDY-zinc,661,-7.527272727272727,-7.6,-6.5,-8.3,0.5871458773784354
7RDY-no-extra,601,-7.525,-7.5,-7.3,-7.7,0.012151162790697613
7RDY-zinc,652,-7.525,-7.65,-6.3,-7.9,0.08749999999999995
7RDY-no-extra,12,-7.525,-7.6,-7.0,-7.8,0.045174418604651184
7RDY-no-extra,625,-7.5249999999999995,-7.55,-6.3,-8.1,0.26470930232558204
7RDY-no-extra,959,-7.5227272727272725,-7.5,-7.3,-7.8,0.03761099365750511
7RDY-no-extra,753,-7.5227272727272725,-7.5,-7.0,-7.9,0.036215644820295774
7RDY-zinc,190,-7.522,-7.9,-7.0,-8.1,0.22052653061224486
7RDY-no-extra,993,-7.520454545454545,-7.6,-6.7,-8.0,0.11329281183932373
7RDY-zinc,728,-7.520454545454545,-7.6,-7.2,-7.8,0.052362579281183826
7RDY-no-extra,275,-7.520454545454545,-7.4,-6.9,-8.1,0.17375792811839325
7RDY-zinc,583,-7.5181818181818185,-7.2,-7.2,-8.0,0.15035940803382664
7RDY-no-extra,673,-7.515909090909091,-7.6,-6.1,-8.3,0.45206659619450273
7RDY-no-extra,556,-7.515909090909091,-7.4,-7.1,-8.0,0.08183403805496847
7RDY-no-extra,822,-7.515909090909091,-7.5,-6.5,-8.4,0.0869503171247358
7RDY-zinc,742,-7.509090909090909,-7.5,-7.3,-7.8,0.03805496828752627
7RDY-zinc,70,-7.509090909090909,-7.5,-7.1,-7.9,0.11479915433403765
7RDY-zinc,858,-7.506818181818182,-7.55,-6.1,-8.1,0.22111522198731517
7RDY-zinc,400,-7.502272727272728,-7.5,-6.9,-8.0,0.20394820295983132
7RDY-no-extra,687,-7.5,-7.699999999999999,-6.6,-8.4,0.5474418604651158
7RDY-no-extra,373,-7.497727272727272,-7.6,-6.9,-8.4,0.23185517970401676
7RDY-no-extra,837,-7.497727272727272,-7.449999999999999,-7.1,-7.9,0.16208773784355204
7RDY-zinc,807,-7.497727272727272,-7.45,-7.0,-8.0,0.25371564482029607
7RDY-zinc,303,-7.497727272727272,-7.4,-7.1,-8.2,0.10487843551797028
7RDY-zinc,432,-7.495454545454546,-7.6,-6.8,-8.1,0.2809090909090914
7RDY-zinc,95,-7.495454545454546,-7.5,-6.7,-8.0,0.17625792811839272
7RDY-zinc,872,-7.495454545454546,-7.449999999999999,-7.2,-7.8,0.04695560253699782
7RDY-no-extra,460,-7.493181818181818,-7.45,-7.3,-8.2,0.026696617336152126
7RDY-no-extra,916,-7.493181818181818,-7.45,-7.2,-8.1,0.08576638477801232
7RDY-zinc,142,-7.490909090909091,-7.5,-6.7,-7.9,0.09572938689217766
7RDY-no-extra,874,-7.488636363636363,-7.449999999999999,-6.8,-8.2,0.3731236786469342
7RDY-no-extra,971,-7.486363636363635,-7.45,-6.7,-8.4,0.42306553911205097
7RDY-zinc,358,-7.486363636363635,-7.4,-7.2,-7.8,0.05097251585623687
7RDY-zinc,906,-7.486363636363635,-7.449999999999999,-6.8,-8.0,0.26585623678646964
7RDY-zinc,826,-7.484090909090909,-7.550000000000001,-6.5,-8.3,0.6836945031712476
7RDY-zinc,440,-7.484090909090909,-7.45,-6.6,-8.4,0.8009038054968314
7RDY-no-extra,502,-7.484090909090909,-7.6,-6.6,-8.0,0.28322938689217747
7RDY-no-extra,221,-7.4818181818181815,-7.45,-7.0,-7.9,0.13826638477801337
7RDY-no-extra,492,-7.4818181818181815,-7.55,-6.1,-8.4,0.6945454545454538
7RDY-zinc,490,-7.475,-7.4,-7.1,-7.9,0.14610465116279098
7RDY-no-extra,605,-7.472727272727273,-7.55,-7.1,-7.7,0.0369133192389005
7RDY-zinc,813,-7.470454545454545,-7.6,-7.0,-7.7,0.04631606765327689
7RDY-zinc,423,-7.470454545454545,-7.5,-7.0,-8.1,0.06864164904862585
7RDY-zinc,408,-7.468181818181819,-7.5,-7.2,-7.7,0.02128964059196616
7RDY-no-extra,457,-7.468181818181818,-7.6,-6.5,-7.7,0.12547568710359408
7RDY-zinc,14,-7.468181818181818,-7.5,-6.7,-8.3,0.5561733615221981
7RDY-zinc,856,-7.461363636363637,-7.449999999999999,-6.9,-7.9,0.15358879492600527
7RDY-no-extra,118,-7.459090909090909,-7.7,-6.0,-7.8,0.2852642706131079
7RDY-zinc,831,-7.456818181818182,-7.550000000000001,-7.1,-7.7,0.0629756871035943
7RDY-no-extra,870,-7.456818181818181,-7.449999999999999,-6.8,-8.2,0.44204545454545513
7RDY-zinc,832,-7.454545454545454,-7.9,-6.2,-8.2,0.5276532769556026
7RDY-no-extra,759,-7.454545454545454,-7.45,-7.0,-7.9,0.12811839323467242
7RDY-zinc,485,-7.454545454545454,-7.6,-6.9,-7.8,0.09649048625792815
7RDY-zinc,42,-7.454545454545454,-7.4,-7.2,-7.8,0.06811839323467221
7RDY-zinc,643,-7.454545454545454,-7.45,-6.9,-7.9,0.049978858350951484
7RDY-no-extra,609,-7.45,-7.5,-6.2,-8.6,0.9872093023255829
7RDY-zinc,848,-7.45,-7.449999999999999,-7.3,-7.6,0.023023255813953446
7RDY-zinc,662,-7.45,-7.5,-6.5,-8.3,0.7397674418604661
7RDY-no-extra,295,-7.45,-7.5,-7.1,-7.9,0.08953488372093031
7RDY-zinc,935,-7.45,-7.35,-6.5,-8.5,0.9295348837209308
7RDY-zinc,453,-7.447727272727272,-7.6,-6.4,-8.3,0.5662737843551796
7RDY-no-extra,276,-7.447727272727272,-7.5,-7.0,-8.0,0.11650634249471502
7RDY-no-extra,267,-7.447727272727272,-7.55,-6.8,-8.0,0.1481342494714588
7RDY-no-extra,657,-7.443181818181818,-7.4,-6.6,-8.1,0.2611152219873147
7RDY-zinc,617,-7.440909090909091,-7.4,-7.2,-7.7,0.05131078224101475
7RDY-zinc,120,-7.4409090909090905,-7.449999999999999,-6.6,-8.2,0.5903805496828751
7RDY-no-extra,100,-7.4409090909090905,-7.5,-7.0,-7.5,0.00852008456659622
7RDY-no-extra,850,-7.4393939393939394,-7.3,-7.1,-7.8,0.06996212121212095
7RDY-no-extra,5,-7.4363636363636365,-7.550000000000001,-6.7,-8.0,0.20143763213530583
7RDY-zinc,491,-7.431818181818182,-7.4,-6.7,-7.9,0.1794291754756874
7RDY-no-extra,404,-7.431818181818182,-7.449999999999999,-6.7,-7.9,0.15663847780126847
7RDY-zinc,168,-7.429545454545454,-7.300000000000001,-7.1,-7.9,0.12771141649048634
7RDY-zinc,145,-7.429545454545454,-7.3,-6.8,-8.1,0.10259513742071882
7RDY-zinc,159,-7.427272727272728,-7.4,-6.6,-8.1,0.41365750528541306
7RDY-no-extra,245,-7.425,-7.3,-6.9,-8.0,0.11447674418604659
7RDY-zinc,167,-7.422727272727272,-7.4,-6.7,-7.8,0.14970401691331928
7RDY-zinc,133,-7.420454545454546,-7.1,-6.4,-8.1,0.3407346723044398
7RDY-zinc,449,-7.418181818181818,-7.5,-7.2,-7.6,0.035475687103594035
7RDY-zinc,395,-7.415909090909091,-7.449999999999999,-7.1,-7.8,0.07439217758985218
7RDY-zinc,866,-7.413636363636363,-7.4,-6.7,-8.1,0.47097251585623623
7RDY-zinc,876,-7.411363636363637,-7.4,-6.6,-8.1,0.2219608879492599
7RDY-no-extra,24,-7.411363636363637,-7.45,-6.9,-7.9,0.24521670190274863
7RDY-no-extra,104,-7.404545454545455,-7.4,-6.5,-8.0,0.3176532769556024
7RDY-zinc,77,-7.402272727272727,-7.5,-7.0,-7.7,0.04720401691331924
7RDY-zinc,209,-7.402272727272727,-7.449999999999999,-6.8,-8.0,0.24859936575052863
7RDY-no-extra,428,-7.402272727272727,-7.449999999999999,-7.0,-7.8,0.162087737843552
7RDY-no-extra,351,-7.4,-7.4,-6.6,-8.1,0.4413953488372095
7RDY-zinc,541,-7.3977272727272725,-7.449999999999999,-6.9,-7.8,0.16999471458773796
7RDY-no-extra,126,-7.395454545454546,-7.25,-6.9,-8.6,0.30742071881606753
7RDY-zinc,995,-7.395454545454545,-7.5,-7.1,-7.8,0.03625792811839315
7RDY-zinc,997,-7.3931818181818185,-7.4,-6.7,-8.0,0.3053012684989428
7RDY-no-extra,140,-7.388636363636365,-7.4,-6.9,-7.5,0.016379492600422905
7RDY-no-extra,164,-7.386363636363637,-7.4,-6.8,-8.2,0.06585623678646942
7RDY-no-extra,811,-7.381818181818182,-7.35,-6.7,-8.1,0.4484989429175477
7RDY-no-extra,501,-7.379545454545454,-7.45,-6.5,-8.1,0.3402695560253704
7RDY-no-extra,821,-7.377272727272728,-7.35,-6.7,-8.0,0.3924947145877381
7RDY-no-extra,890,-7.372727272727274,-7.4,-6.7,-8.1,0.14202959830866804
7RDY-zinc,80,-7.368181818181818,-7.4,-6.8,-7.9,0.16221987315010658
7RDY-zinc,287,-7.366666666666666,-7.0,-6.3,-8.3,0.43885714285714184
7RDY-no-extra,403,-7.365909090909091,-7.45,-6.5,-7.8,0.1934619450317122
7RDY-no-extra,558,-7.363636363636363,-7.300000000000001,-6.4,-7.9,0.2981818181818182
7RDY-no-extra,800,-7.363636363636363,-7.300000000000001,-6.6,-7.9,0.2563213530655396
7RDY-zinc,627,-7.359090909090909,-7.35,-6.7,-8.1,0.44526427061310797
7RDY-no-extra,557,-7.3522727272727275,-7.4,-6.8,-7.8,0.11743657505285397
7RDY-zinc,973,-7.35,-7.45,-6.5,-7.7,0.08674418604651202
7RDY-no-extra,155,-7.35,-7.449999999999999,-6.6,-7.9,0.23511627906976776
7RDY-no-extra,528,-7.35,-7.35,-7.3,-7.4,0.002558139534883802
7RDY-zinc,340,-7.347727272727273,-7.5,-6.1,-8.1,0.3067389006342493
7RDY-zinc,960,-7.345454545454545,-7.25,-6.9,-7.8,0.07835095137420735
7RDY-zinc,235,-7.343181818181819,-7.15,-7.1,-7.7,0.07832452431289658
7RDY-zinc,720,-7.343181818181819,-7.3500000000000005,-6.2,-8.4,1.0680919661733617
7RDY-no-extra,632,-7.340909090909091,-7.300000000000001,-6.8,-7.8,0.21224101479915364
7RDY-zinc,838,-7.340909090909091,-7.4,-6.7,-8.0,0.2931712473572936
7RDY-zinc,545,-7.336363636363637,-7.3,-7.1,-7.6,0.033065539112050735
7RDY-no-extra,46,-7.334090909090909,-7.35,-6.4,-8.0,0.4478805496828759
7RDY-no-extra,88,-7.331818181818182,-7.4,-6.9,-7.7,0.05570824524312892
7RDY-zinc,180,-7.331818181818181,-7.25,-6.6,-8.2,0.5287315010570829
7RDY-no-extra,52,-7.329545454545454,-7.25,-7.0,-7.7,0.03887420718816064
7RDY-no-extra,364,-7.325,-7.3,-6.8,-7.9,0.11122093023255802
7RDY-zinc,285,-7.3136363636363635,-7.3,-6.6,-7.9,0.23004228329809742
7RDY-zinc,581,-7.3090909090909095,-7.3,-6.6,-8.0,0.2450317124735737
7RDY-zinc,286,-7.3090909090909095,-7.25,-6.6,-7.8,0.2194503171247356
7RDY-no-extra,247,-7.309090909090909,-7.35,-7.0,-7.6,0.08735729386892192
7RDY-zinc,478,-7.306818181818182,-7.45,-6.8,-7.8,0.10809196617336164
7RDY-no-extra,426,-7.3,-7.35,-6.3,-8.2,0.6665116279069765
7RDY-zinc,127,-7.297727272727273,-7.15,-6.8,-7.8,0.1760412262156448
7RDY-no-extra,820,-7.295454545454546,-7.25,-6.3,-8.2,0.8292811839323458
7RDY-no-extra,258,-7.293181818181818,-7.1,-6.8,-7.7,0.0820454545454545
7RDY-zinc,809,-7.290909090909091,-7.25,-6.5,-8.0,0.5022410147991548
7RDY-zinc,273,-7.290909090909091,-7.25,-6.6,-8.0,0.4892177589852008
7RDY-no-extra,792,-7.288636363636363,-7.15,-6.7,-7.9,0.3173097251585627
7RDY-zinc,61,-7.286363636363637,-7.449999999999999,-6.3,-7.8,0.2881818181818184
7RDY-no-extra,74,-7.286363636363637,-7.300000000000001,-6.5,-8.0,0.5174841437632133
7RDY-zinc,976,-7.286363636363637,-7.25,-6.5,-8.0,0.4072515856236794
7RDY-no-extra,965,-7.281818181818181,-7.25,-6.7,-7.8,0.25268498942917533
7RDY-zinc,110,-7.277272727272727,-7.199999999999999,-6.6,-8.4,0.3427272727272732
7RDY-no-extra,430,-7.275,-7.25,-6.5,-8.1,0.6158720930232561
7RDY-no-extra,919,-7.2727272727272725,-7.5,-6.4,-7.8,0.282494714587738
7RDY-no-extra,589,-7.270454545454546,-7.4,-6.3,-7.6,0.09050211416490477
7RDY-no-extra,938,-7.2681818181818185,-7.35,-6.5,-7.9,0.1603594080338267
7RDY-no-extra,863,-7.265909090909091,-7.2,-6.6,-7.6,0.048810782241014795
7RDY-zinc,651,-7.265909090909091,-7.35,-6.5,-8.0,0.43346194503171326
7RDY-no-extra,701,-7.265909090909091,-7.35,-6.8,-7.9,0.09485729386892194
7RDY-no-extra,213,-7.261363636363637,-7.25,-6.7,-7.8,0.22335623678646987
7RDY-no-extra,664,-7.256818181818182,-7.2,-7.0,-7.7,0.03878964059196625
7RDY-no-extra,958,-7.254545454545454,-7.300000000000001,-6.3,-7.8,0.25835095137420705
7RDY-no-extra,301,-7.252272727272728,-7.25,-6.6,-7.8,0.16208773784355168
7RDY-zinc,2,-7.25,-7.35,-6.3,-7.8,0.3141860465116273
7RDY-zinc,387,-7.25,-7.25,-6.6,-7.9,0.43232558139534977
7RDY-zinc,721,-7.247727272727272,-7.25,-6.5,-8.0,0.45511099365750646
7RDY-no-extra,365,-7.247727272727272,-7.3,-6.5,-7.5,0.06999471458773777
7RDY-no-extra,277,-7.245454545454546,-7.5,-6.6,-7.7,0.20300211416490457
7RDY-zinc,726,-7.240909090909091,-7.3,-6.6,-8.1,0.09782241014799158
7RDY-no-extra,676,-7.238636363636363,-7.25,-6.6,-7.7,0.1391701902748406
7RDY-zinc,877,-7.238636363636363,-7.3,-6.6,-8.0,0.1340539112050741
7RDY-zinc,910,-7.229545454545455,-7.1,-6.7,-7.6,0.0751532769556023
7RDY-zinc,19,-7.2272727272727275,-7.3,-7.0,-7.4,0.020634249471458727
7RDY-no-extra,672,-7.222727272727273,-7.3,-6.6,-7.8,0.3431923890063431
7RDY-no-extra,463,-7.219607843137255,-7.1,-6.9,-7.6,0.05000784313725487
7RDY-zinc,347,-7.218181818181819,-7.3,-6.7,-7.6,0.07687103594080344
7RDY-zinc,634,-7.215909090909091,-7.4,-6.0,-7.8,0.41904334038055047
7RDY-no-extra,170,-7.213636363636363,-7.6,-6.2,-7.9,0.3612050739957715
7RDY-zinc,682,-7.211363636363637,-7.1,-6.9,-7.8,0.07917019027484148
7RDY-zinc,233,-7.209090909090909,-7.199999999999999,-6.7,-7.7,0.24317124735729365
7RDY-zinc,69,-7.209090909090909,-7.5,-6.1,-8.0,0.5892177589852003
7RDY-zinc,748,-7.202272727272727,-7.199999999999999,-6.3,-8.2,0.833250528541226
7RDY-zinc,592,-7.2,-7.2,-6.5,-7.9,0.33302325581395353
7RDY-zinc,198,-7.197727272727272,-7.2,-6.3,-7.9,0.1365063424947146
7RDY-no-extra,574,-7.197727272727272,-7.2,-5.0,-7.9,0.5002272727272731
7RDY-zinc,828,-7.1909090909090905,-7.2,-7.1,-7.4,0.009217758985200816
7RDY-zinc,27,-7.1886363636363635,-7.15,-6.6,-7.9,0.1824260042283299
7RDY-no-extra,841,-7.1863636363636365,-7.449999999999999,-6.3,-8.0,0.5081818181818177
7RDY-zinc,59,-7.179545454545454,-7.15,-5.8,-7.6,0.13282769556025384
7RDY-zinc,524,-7.172727272727273,-7.2,-6.5,-7.6,0.06993657505285414
7RDY-zinc,732,-7.168181818181819,-7.2,-6.4,-7.7,0.17152219873150099
7RDY-zinc,352,-7.165909090909091,-7.2,-6.6,-7.7,0.08695031712473572
7RDY-no-extra,962,-7.163636363636363,-7.1,-7.0,-7.7,0.026088794926004213
7RDY-no-extra,479,-7.161363636363637,-7.199999999999999,-6.5,-7.8,0.4182399577167021
7RDY-zinc,781,-7.159090909090909,-7.2,-6.9,-7.3,0.025264270613107757
7RDY-no-extra,261,-7.152272727272727,-7.35,-6.6,-7.6,0.10999471458773766
7RDY-no-extra,79,-7.15,-7.15,-6.5,-7.8,0.43232558139534866
7RDY-no-extra,563,-7.1499999999999995,-7.3,-6.6,-7.6,0.21046511627906944
7RDY-no-extra,917,-7.145454545454545,-7.1,-6.5,-7.5,0.07881606765327699
7RDY-no-extra,860,-7.140909090909091,-7.15,-6.4,-8.0,0.07503171247357311
7RDY-zinc,483,-7.138636363636365,-7.1,-6.8,-8.1,0.06800739957716719
7RDY-zinc,500,-7.131818181818182,-7.05,-6.5,-7.9,0.40128964059196687
7RDY-zinc,886,-7.129545454545454,-7.05,-6.4,-7.9,0.4198044397463003
7RDY-zinc,480,-7.129545454545454,-7.1,-7.0,-7.2,0.00492071881606774
7RDY-no-extra,640,-7.125,-7.05,-6.7,-7.7,0.1149418604651163
7RDY-zinc,76,-7.120454545454546,-7.300000000000001,-6.6,-7.6,0.20771141649048586
7RDY-zinc,692,-7.118181818181818,-7.1,-6.8,-7.5,0.04663847780126846
7RDY-zinc,333,-7.118181818181818,-7.1,-6.0,-7.7,0.3187315010570829
7RDY-no-extra,873,-7.113636363636363,-6.9,-6.8,-7.7,0.15748414376321376
7RDY-no-extra,911,-7.1068181818181815,-7.1,-6.3,-7.8,0.3899524312896405
7RDY-zinc,320,-7.104545454545455,-7.2,-6.2,-7.8,0.11300211416490491
7RDY-no-extra,702,-7.095454545454545,-7.3,-5.9,-7.5,0.1460253699788584
7RDY-no-extra,864,-7.086363636363637,-7.2,-6.6,-7.6,0.08864693446088812
7RDY-zinc,310,-7.086363636363637,-7.2,-5.9,-7.8,0.25980972515856254
7RDY-zinc,881,-7.077272727272727,-7.3,-6.5,-7.8,0.11389006342494735
7RDY-no-extra,867,-7.072727272727272,-7.1,-7.0,-7.2,0.005285412262156449
7RDY-zinc,263,-7.065909090909091,-7.050000000000001,-6.8,-7.4,0.032066596194503014
7RDY-zinc,516,-7.052272727272728,-7.0,-6.2,-8.0,0.744413319238901
7RDY-zinc,964,-7.038636363636363,-7.050000000000001,-5.8,-7.5,0.13126321353065562
7RDY-zinc,674,-7.029545454545455,-7.0,-6.6,-7.5,0.10538583509513753
7RDY-zinc,537,-7.004545454545454,-7.199999999999999,-6.0,-7.3,0.1083509513742072
7RDY-no-extra,708,-7.0,-7.15,-6.0,-7.4,0.12558139534883736
7RDY-no-extra,242,-6.993181818181818,-6.95,-6.6,-7.8,0.1001849894291752
7RDY-zinc,229,-6.988636363636363,-7.0,-6.6,-7.7,0.08428646934460862
7RDY-no-extra,750,-6.970454545454545,-7.0,-6.4,-7.5,0.23933932346723039
7RDY-no-extra,875,-6.954545454545454,-6.65,-5.8,-8.6,1.188118393234671
7RDY-zinc,846,-6.947727272727272,-6.9,-6.5,-7.4,0.20534355179704034
7RDY-no-extra,713,-6.9386363636363635,-6.9,-6.7,-7.6,0.021030655391120482
7RDY-zinc,448,-6.9340909090909095,-6.9,-6.5,-7.4,0.08090380549682903
7RDY-no-extra,970,-6.918181818181818,-7.1,-6.0,-7.7,0.2033826638477804
7RDY-no-extra,212,-6.918181818181818,-6.95,-6.2,-7.5,0.34896405919661716
7RDY-no-extra,588,-6.918181818181818,-7.1,-6.6,-7.1,0.03873150105708228
7RDY-zinc,98,-6.911363636363637,-7.0,-6.0,-7.3,0.11544926004228337
7RDY-zinc,44,-6.911363636363637,-6.85,-6.4,-7.6,0.27079809725158527
7RDY-zinc,484,-6.8977272727272725,-6.9,-6.2,-7.6,0.2611575052854122
7RDY-zinc,648,-6.895454545454545,-6.9,-6.1,-7.6,0.4962579281183935
7RDY-zinc,633,-6.886363636363637,-6.9,-6.1,-7.7,0.39841437632135357
7RDY-zinc,422,-6.88409090909091,-6.9,-6.3,-7.4,0.27346194503171267
7RDY-no-extra,810,-6.875,-6.8,-6.4,-7.3,0.03633720930232551
7RDY-zinc,462,-6.845454545454545,-6.6,-6.1,-8.3,0.4425369978858349
7RDY-zinc,921,-6.843181818181818,-6.85,-6.5,-7.1,0.06809196617336172
7RDY-no-extra,332,-6.831818181818182,-6.8,-6.7,-7.0,0.005010570824524298
7RDY-zinc,330,-6.295454545454546,-6.2,-5.8,-6.6,0.0795137420718816
